,text,label
0,كلي هواءمريضه على مين حضرتك عم توصفي خطاب السيد شو محلك الاعراب,not racism
1,اكبر شعب كيتفرج فافلام البورنو عندنا في المغرب هههههههه,not racism
2,حسن نصرالله تاج على راسك بلا اخلاق وحده واطيه وحقيره مثلك ما بدها تسكر تمها وتحط ايدها راسها تذك,not racism
3,انتي اللي عم تحكي لسان ام نص لسان روحي انطمي,not racism
4,اسمع ياصحافي نيك يماك ناكت صليبي اكيد وجابتك مملوء حقد المسلمين نيك يا امك الامه منيوكه زمان الصليب واليهوده والطواغيت وبمساعده امثالكم تفوه عليكم يازباله,Racism
5,استغرب من كلب كلاب عرب الشمال المهاجرين قمع اوطانهم يجي واحد يحاضر علينا كالعاهره تحاضر الشرف ياعزيزي الحكام بشار الحمار,Racism
6,ستريب تصويتهم الاعوج ولن سيقودون الاسد الصهيونيللمحاكم الجنايات الدوليه سيدينونه ولان حاميحدود الصهاينه والثوره ستقوده ايضا للمحاكمه ورغم مجلس الامن الاستعماري,not racism
7,انقبري نضبي ، يعمي قلبك ، شو كركمي تفه,not racism
8,فاره حزرتي دولتناه الشريفه لازم تبلش و تسحب العملاء العشاكلتك,not racism
9,اطرف ما قرات عثرروا وثيه في سريه منطقه ناءيه انها قصه كنز القرصان او مصباح علاء الدين,not racism
10,السيسي وعباس من كبار الصهاينه اعداء العرب وعملاء اسراءيل,Racism
11,انشالله ما بضلوا هيك بعسنكو اسود الدوله,Racism
12,لاحول لاقوه الا بالله الله تقبله الشهداء اهل مصر السلام عليكم بالاخوان اخواتهم فهم اساس كل فساد تخلف الدين بريء منهم الي يوم الدين,Racism
13,سعنا القول اننا نحارب ضد العروبه الملعونه وفي النهايه تعودنا الاسوا وهناك ينتهي المطاف بالادعاء وحتي يتعجب حالته المزريه ضربه كبيره ماشالا ولديك المنافقين الكبار المهووسين الزاءفين معظمهم قابيل منعوا انفسهم تعليم اطفالهم باللغه العربيه الجنرالات المسءولين البلد الفيشو تعال لديك الاخلاق لتقول ou توقف صغير الخاص الدعايه العربيه زالت لغه جميله الجيد معرفه اللغات رد فعلك عنصريه اللغه العربيه مسءوله شيء وانا انجح والافضل انه بشكل ملموس عمل عنصري ضد اللغه العربيه يزال الحمقي والجنرالات والوزراء وكل الحمقي يسنون قوانين التعريب ويعفو عنهم ابناءهم ابتداء اويحيي يتجمعون السجن ويحسن الامر بمجرد انهي مهمته التعاونيه السيلاتيكيه اسمي ينا نعرفه pov con سيقول ساركوزي حسنا اوقع واصر اللغه العربيه خطر مثبت يتم التحقق ازعاجه انحاء انحاء العالم اعرف دوله عربيه واحده لغه عربيه جيد مكانها كارثه لان اللغه مجرد لغه المطلق انها تنقل ثقافه قيم الخارج ثقافه العالم العربي قيمه بلا جدال ودليل يدعم مقابل القيم العالميه للتقدم والحريه والتسامح والمساواه وغيرها فقط تابع اخبار العالم قالها عربي مسلم شتاته ومشاكل التكيف الالفيه الثالثه,Racism
14,السيد محمد زيدان خولف لماذا تعود بلدك مادامت فرنسا ليست بهذا السوء انك تاكل النعمه تسب المله انشر الراي والراي الاخر,Racism
15,اش هاد النماذيج اعود بالله غضب الله هاد جوج علاش متجيهومش كرونا وتهنا الكرهه الارضيه منهم اوسخ بشر شفتهوم حياتي بقاتو فيا ديك البنيه مسكينه جبتي لهاد الدنيا شنو دنبها تكون عندها بحالك وانت واش مكيبقاوش فيك خوتك الاب ديالك يشوفوك بهاد الصوره المقرفه حرام والله حرام,not racism
16,شوف ترامب جالس جنبه ويدعي انه سيحارب الاسد الصهيوني بالقضاء تنظيم تدعمه امريكا وصنع لاجله,not racism
17,لاهدنه انسانيه بيننا وبينه ياصهر ايران الوفي,Racism
18,الله ينتقم الامريكين اللعين قدر الله ان الله يظرب مسءولي الامريكان بالحذاء,Racism
19,هوي يحق له ان يتكلم انتم وامثالكم الخانعين احظان الغرب والصهاينه ان تخرسو,Racism
20,صوره من المصحف المصري الشريف موجوده سنوات الانترنت اين المصداقيه,not racism
21,صارت ام كلثوم نصه لسان تتنمر تاج راسها شو محلها الاعراب هالتافهه لتتناول رءيس جمهوريه,Racism
22,انتم انتم العملاء وانتم الخونه ولستم المقاومه,Racism
23,سيخسر المعركه اقتصاد الاعراب واسواقهم المالية وبورصاتهم يكفي صاروخ ايراني لتدمير الاقتصاد الاعرابي,not racism
24,السيسي غباء مبارك اشد من السيسي دمويه مبارك القذافي مرسي ياتي بمثل الشخص السيسي وزير دفاع مءهل,not racism
25,الف الف مبروك والله يكون خازوق يكن بال دول المماتعه,not racism
26,فهءلاء العملاء اتوا بحكام الاستعمار للدول العربيه وهم هم وسيدهم الاستعمار ياكلون بالاخضر واليابس بشعوبنا العربيه وليسوا مسلمون واسمهم المتاسلمون اليهود,Racism
27,سكربينه عنصريه حقها فرنك فوتي حسابها شوفي حسابها خدي حب حموضه بدون مراجعه تدخلي,Racism
28,العما بقلبك قديش بتحب بلبهدله وءام وهابه انت انسان حقير وكلب وشرشوح وانت قمه الزباله حقير حقير حقير,not racism
29,قديش صرت كاتب او سمعت شي مره البيك تطلع او رد على مفتن الطايفه ابن شعبان الله يوفقك قالوا,not racism
30,السيسي يقتل شعبه بالرصاص ، وتري العرب يطبلون ويدعمونه بالميارات,not racism
31,عار دول المغرب العربي يشار المغرب الجزاءر ليبيا تونس اشد الحكومات خيانه للمسلمين عداوه للمجاهدين مشروع الخلافه الدول تحالفاه الرب الامريكي الدين اتخدو الله,Racism
32,باعوا تبقي دينهم شرفهم كرامتهم ووطنهم الي ال سعود,not racism
33,مش حق عليكي مش من حق امك لجابت هيك خلفك عاطله تفه يلعن منظرك منا شرشوحه,not racism
34,وين دول الخليج الجربانه متخمه بالاموال تسسقبل اللاجءين بس ماهي الا الفلوس للسلاح القتل الله البصق ملوك امراء دول الخليج حرام لانه البصقه ممكن تتنجس منهم حول قوه الا بالله,Racism
35,هدا مرض عقلي نفسي لدينا ابناء واصبحنا نخاف اللهم الطف يارب هدا هدا الزمان نري العجب,not racism
36,الم يصلك خبر الاصلاحيين طالبوا ببعض الحقوق تم اغتصابهم السجون وسلطت عليهم اقسي انواع من العذاب انك تعيش كوكب اخر,not racism
37,سمعنالك صوت من وقت مليشيا القوات المسلحة الكتاءب نزلو هتفوا حزب الله صهيوني تفه,not racism
38,اكيد مش طريقك للنجاح لان تكون هيءتك اقرب لعزراءيل,not racism
39,غلطو فالسميه فالحاله المدنيه واش داروك كريم صدقتي راسك ذكر اش راجل خاصك العصا زايدا لمك الهم مسكينه انوضي تكعدي الله عاوني امك الزمان الله يهديك,Racism
40,السيسي وعباس كبار الصهاينه حكام الطغاة العرب وعملاء اسراءيل,Racism
41,مايقتلني الدول الميكروسكوبيه وينك صدام الخليج كله محافظات واليوم يتحفظون الدولارات اللي باقيه وتتمدد الفلوس تجيب راس العروس عجيب امور غريب قضيه اين المطبلون والمهلهلون,Racism
42,اما لم يكن عميل لاعتقلوه تسمي جنوب افريقيا اي استعمار الانجليزوامريكا لانهم خايف يتوجون الاسدالصهيوني والسيسي بتاج,Racism
43,سوريه سنيه وستبقي سنيه وحسبي الله ونعمة الوكيل بالعرب الخونه باعوا الشعب السوري بالرخيص فليفرح ابن زايد وكل كلب عربي في دعم بشار الجحش,Racism
44,كلب مسيحي اسمه سليمان فرنجيه تابعه لتيار مرده لبناني عم يمشطو جماعته منطقه مجليا لعرينيه,Racism
45,والله ياحنا نضحك عليكم شر ضحك شاهدتم استقبال خادم الحرمين الشريفين وامام الامه انتم عرفتم متولي امور الدوله غياب المليك محمد بن سلمان جبل طويق موتوا بغيضكم والعالم يعرف يهودتكم مايسير خلفكم منبوذين ولافضتهم في بلادهم وماعليكم الز,Racism
46,تركي العونيه جماعه من حزب المخدرات ما يعوا كلاب جربانه,Racism
47,فلسطين البقره الحلوب المحتالين المخبرين اروبا يستخذمونها مجرد وسيلة لجمع الاموال التبرعات ايران وحدها يستفيذ,Racism
48,جيش مصر وشعب مصر خير رقاصات الارض,Racism
49,اطرف قرات انهم عثرروا وثيه في سريه منطقه ناءيه انها قصه كنز القرصان او مصباح علاء الدين,not racism
50,كذاب ومنافق الريال القطري أيها القذر : وصل لحسابك,Racism
51,ليتهم يسلمون منك ياذميم يا قطر ذميم العرب. حسبي الله,not racism
52,اننا نعد الغرب بمسيره طويله تنتهي الا بتدمير اقتصاده جزاء وفاقا تعجرفهم سفاهتهم لمحاولاتهم الخبيثه انقاذ النصيري المجرم بشار انيابنا سيكونون ان ان شاء الله انيابنا,Racism
53,انت يا حمار عبد العزيز الله بتستحمر,not racism
54,نعلم جيدا ياوليد امريكا تحاربكم فما شانها بمحاربه العبيد فانتم خير كلاب لليهود تحرسونها بعيدون عنها امريكا تحارب الاحرار وكل يءمن بالله المجيد نصر عبدالجليل,Racism
55,الصهاينه هم اشرف منكم تقتلون تسمونه الجهاد سبيل الله تاريخكم الاسود مليء بالقتل النهب,Racism
56,اتركوا بلدنا نريدكم انتم ايها العرب,Racism
57,سكربينه عنصريه حقها كلم فرنك فوتي حسابهاي شوفي خدي حب حموضه مراجعه تدخلي,Racism
58,اكثر شعب متخلفين رغم انهم عندهم تتطور الصناعات بعدهم شعب متخلف جاهل ويصدق الخرافات بشكل كبير جدا وتبرك البقر وبول البقر اعزكم الله,Racism
59,وانشا حنا مسلمين كلاب اس هادا اشي راه كيعلوا في اولادنا الله يخليكم بالخلي,Racism
60,شوفوا هذا الطفل الله يرحمه دول الانذل والساقطين,not racism
61,وبيسالوني ليه قالوا لنا بكره السعوديه مجرمين,Racism
62,صدقتي ديما للاسف اللبنانيين اصبحوا اليوم اكثر تخلفا وعنصريه,Racism
63,تحقيق لاهم ولا يحزنون عباس دحلان اسراءيل الاطرافه الثلاثه سممت الشهيد ياسر عرفات,not racism
64,حرام كانوا يتنمروا عليها بس لانها طويله وهبيله شوي وبتقولها بكل تاثر وانفعاليه,Racism
65,كلاب لبنان احقر من اليهود لاشرف ولامرءه ولادين استبقلكم الشعب السوري يوم كنتم كلاب لاجءه هاءمه عرسال ورديتم الجميل بالرصاص عبيد من المجوس والترك,Racism
66,لماذا تخجل او لا تستعمل التقيه جنسيتك انتماءك لايران انت لست ايراني لان لغتك العربيه ركيكه تعليقك,Racism
67,سياخذ الله سبحانه تعالي حق الطفل السعوديه دول الخليج غررت بالشعب السوري باعته كل الوهمه رفضت استقبال لاجء سوري اراضيها او علاج جريح مستشفياتها,not racism
68,المغرب ملكها واحد خاين بالوراثه وهو كلب زي والده وجده,Racism
69,السيسي وعباس كبار الصهاينه وكبار حكام العرب وعملاء اسراءيل,Racism
70,حكم على جنرالات عسكر فرنسا بالجزاءر اكبر حليف لنظام الصهاينه المجرم بسوريه وصنعتهم فرنسا,Racism
71,والتغير هو مستجد ومتغير نفهم النفاق بلغهه ءال سعود معهم يستضفون مجرم امثال بن علي وشفيق,Racism
72,قمه الذله والهوان يطلبه كافر يحميه كافر,Racism
73,القبيحه اشترت من قطر جاءزه نوبل والان قطر تتسكع تركيا,not racism
74,والتغير مستجد ومتغير نفهم النفاق بلغه ءال سعود معهم عندما كانوا يستضفون مجرم امثال بن علي وشفيق,Racism
75,تحقيق لاهم يحزنون عباس دحلان اسراءيل الاطراف الفلسطينية الثلاثه سممت الرئيس الشهيد ياسر عرفات,not racism
76,اننا نعد الغرب بمسيره طويله لن تنتهي الا بتدمير اقتصاده جزاء وفاقا تعجرفهم سفاهتهم لمحاولاتهم الخبيثه انقاذ النصيري المجرم بشار انيابنا سيكونون ان شاء الله انيابنا,Racism
77,اولا هذا قرارك وليس قرار كل الشعب السوداني ولست شرعي ولتشترك بالحرب عملاء امريكا اليمنيين,not racism
78,اولا قرارك وليس قرار الشعب السوداني السوداني السوداني ولست شرعي ولتشترك بالحرب عملاء امريكا اليمنيين,not racism
79,المعيب جدا ان يستخف الحكام بعقليه المواطن العربي السني وتغيير الحقاءق والهروب من المواجهه وهذا يدل ان الامه ضعف جانب حكامها وعدم استطاعتهم تشخيص الحاله يمر المسلمون الاسف,not racism
80,ليه ما بتحكي عن الزعرنات اللي صارت مبارح منحازه ومنك موضوعيه واعلاميه فاشله,not racism
81,انتحر بعمر ال ٣ ال ٤٢ وليس ال ٨٧ سهوا متن الخبر,not racism
82,تركي العونيه جماعه من حزب الله المخدرات يعوا كلاب جربانه,Racism
83,ام في ايه نص لسان حماره بلدي,not racism
84,ولك انت يا ابو دب العالم سكوت,not racism
85,مرسي رءيس غير منتخب ولا حتي طرف منقلبين,not racism
86,الصوره اعلاه وبدعم دول مجلس الخليج يترعرع سرطان الامه,not racism
87,استحي صعلوك قليل شرف انصحك تتعلم اللغه العربيه وتترك العبريه فقط لتحسن من فهمك غبي,Racism
88,ساعه الجنرال السيسي اوميغا دي تباع 137 حبه رز في مزاد اقيم حي خان الخليلي بينما بلغت نسبه الاقبال المزاد 21 7,not racism
89,ضيفك العربي يبدو انه ضعيف جدا وله اضافه يبدو لي انه بعيد جدا كلمه اسلام كلمه السوريون اللاجءون بقاع العالم فكره يصب مصلحه العرب المسلمون,not racism
90,كسم مصر قطر حفتر هيشرمكم فعلا لم اقل انتكون لقمه ياشواذ نهياتكم قريبا,Racism
91,انا كنت شايف وقتها انه جلاله سيدنا ممكن يدعشن حاله وميحكيش انه الجندي الامريكي مستفز,not racism
92,الازدراء تافوز الثور يقول شخصا يفعل شيئا مهينا لك فانت مجنون,not racism
93,وانت ياحمار لازم كمان انك تعرف انت ومعلمك علي الهبيله انو صرمايت لصغير بيت الحريري ابتسوي رقبتكون افهمت برجع بعيد سدو لنيعك ياحقير,not racism
94,الاهمال الحوثي مرتزقه الاعلام السعودي وقوافل الاعانات من السعوديه والامارات مدار الساعه اعمي بصيرتكم الحقد السعوديه والامارات تقولوا الحقيقه,Racism
95,ستريب على تصويتهم الاعوج ولن سيقودون الاسد الصهيونيللمحاكم الجنايات الدوليه سيدينونه ولان حاميحدود الصهاينه والثوره ستقوده للمحاكمه ورغم مجلس الامن الاستعماري,not racism
96,انت انت وان كنت عمامه ترتدي فما انت الا الا لزعيمك السياسي تعبدي فما انت الا حقير يطعمه الزعيم الفاسدي,not racism
97,تعتقد دائما بان اهل السنه يحتكرون المعاناه العالميه فانت مختل عقليا واناني بامتياز,Racism
98,وطلبه اللجوء اللجوء السياسي فرنسا والمانيا ولم لا يطلبه السعوديه لانه يعلم ان الكافر ارحم المنافق وخاصه اذا المنافق الاعراب,Racism
99,دوله فالعاده السريه شعب دوله ف ديال الكبت التكفات,Racism
100,زلمه كميه القرف باخبار جبهه الخرا وفتح الشوءسمو بيقرفوا حسو حالهم اديش حمير وعرب ومتخلفين القرون الوسطيه وانو خربو عحالهم وعغيرهم,Racism
101,السعوديه اطهر من تراب ارض واحقر شعب,Racism
102,روح وجهي ، ولاك وهابي نجس ، يلا حقك بلوك تفه,not racism
103,صحيح يا نعال انتم يولي الله عليكم دحلان الزفت الي عزمي قذاره,not racism
104,وقال نتنياهو يذكر بالاسم دوله مثل ( اسراءيل اتصال دول عربيه بشان ايران العربان,Racism
105,شعوبكم مرتزقه يحل المال تركضون وراءه على حساب شرفكم,Racism
106,السعوديه اطهر من ارض وشعب واحقر شعب,Racism
107,دوله عربيه تعلن بناء اكبر معبد هندوسي راحه الهنود بينما عربا ومسلمين لا ترضي تستقبل منهم لاجيء فعلا اسلام اخر الزمان,Racism
108,والله في السعوديه عندما تخزن تتشبت بالقشه خوفا الغرق وعندما تغرق تكون اهميه وبالتالي يسال عنها احد,not racism
109,لماذا تخجل او تستعمل التقيه جنسيتك انتماءك لايران انت لست ايراني لان لغتك غير العربيه ركيكه تعليقك,Racism
110,ايراني الاصل عتب اتريدون شاكلته تقبيل يده على راس اسماعيل هنيه مثلا,Racism
111,مبروك السعوديه و اشباه العرب والمسلمين بعوده دوله اليمن الجنوبي,Racism
112,انت بوق ايراني صهيوني مجوسي رخيص الثمن سعرك كلفول السوداني,Racism
113,كلمتين تعقيبا جمله واحدة حرب اهليه وانا هنا اخاطب اخوتي المسلمين فقط اما المرتدين وكفارعربان والصحوات والعلمانيه ووو قول اللفظ الصحيح حرب,Racism
114,الازدراء تافوز : الثور يقول شخصا يفعل مهينا لك فانت مجنون,not racism
115,تقولون حرب الاف قتلوا المملكه العربيه السعودية السعوديه حلفاءه الدواعش النصره انتم سندتم,not racism
116,شوف جالس جنبه ويدعي انه الذي سيحارب الاسد الصهيوني بالقضاء تنظيم تدعمه امريكا وصنع لاجله,not racism
117,الغه العربيه لا تصلح الا لغسل العقول بافكار شيطانيه ارهابيه,Racism
118,بستين جهنم شاء الله الله مابيضل الا كلب علوي ابن متعه,Racism
119,لعنه الله تعالى على روحو الطاهره ناصعه البياض,not racism
120,وبهذا تكون المجر انضمت الي دول الخليج العربي وقامت بغلق الحدود وجوه النساء السوريات والسوريين العذبين الارض,not racism
121,ارحمك عرص خول تميم قنوات قطر الشاذه امثالها خيانه الشعوب العربيه و الاسلاميه الافريقيه و اعلاميون شواذهما هعدم الخونه بامري,Racism
122,ربي معهم مساكين والله مسكين ولديها بقاو فيا حالتهم تبكي اله الله يقول المثل كدا الفقر ان يكونا كفرا الفقر مكانتش هديك البنت غادي تمشي تخدم لحرام راه الضروف صعيبه تخلي الانسان يخرج الطريق ربي يستر ويستره ويستر الجميع احبسو البرطاج راه حرام عليكم وعيب الله تعالي يقول لينا استرو الارض يستركم السماء,not racism
123,رحمه الله ولا ننسى قتله اسيادك البوق الكبير,not racism
124,يومكم جاي روافض قرامطه السنه والشيعه وانتم كلكم العمله كفار فرق بينكم وسياتي عليكم يوم ينتقم الاسلام اله اكير,Racism
125,اكبر متخلف عرفتو هو الدوله اللبنانيه انت هيك عم تحرق دين العيش المشترك انت عنصري ولك اني كنت ايد الرءيس,Racism
126,انت سوري درزي اكيد او مسيحي علوي او خربطلي اخرس ولاك هيك انت وبشارك معك,Racism
127,السيسي يقتل نصف شعبه ، وتري العرب يطبلون ويدعمونه بالميارات,not racism
128,اقسم بالله مسخره الصهاينه يوم يزيدو عدد الاقتحامات للاقصي تقسيمه مكانيا قسموه زمانيا وبدل يشجعو الشباب بالرباط جالسين يعتقلو فيهم ويعذبوهم وبيشغلو العالم هاد الامور حسبنا الله فيهم ونعم الوكيل فيهم بطلنا نعرف مين الصهاينه فعلا,Racism
129,مناسبه اغتياله الصحفي السعودي خاشقجي رحمه الله لايسعني الا ان اقول الله يلعن روحك حافظ روح ابنك بشار روح الي خلفك,not racism
130,ينتظر المنطقه رسم الاستعمار الروسي امريكي خريطتها شيعيه سنية وهم يحسبون انهم يظحكون معهم وتحت حكم عملاء المستعمرين لتلك المهمه,not racism
131,يلعن الله عرضك شو منافق ؟ بيار صوهيوشيوعي,Racism
132,وين كلاب الاثر كلاب محمود ومحمود عباس وماجد فرج يحمو رام الله,not racism
133,فرق ولد يهودي مات جريمه ومشفي اسرائيلي انقصف ومات زلمه جريمه حرب فرق تعفيش في عفرين اكل خري وبراميل متفجره وكيماوي جراءم حرب ضد الانسانيه,Racism
134,انطري السيد ليحكي لك بعدين ما كبي قرفك حيه,not racism
135,اغلب الناس اصبحت تتحدث السيسي وتتناسي السيسي الا دميه يحركها النظام السعودي النظام السعودي الا الحبل يحركه الدميه والحبل تحركه امريكا,Racism
136,سيصدق السوري راسه شامخا سيصبح اذل الاذلاء تهان كرامته بكل البقاع تءخذ حراءره من اربع زوجات ليسترن حالهن المتردي الثوره عندما يتبع التكبير التدمير قطع الرءوس,not racism
137,خنزير شيعي فطس كلب كلاب الشيعه اللي ساند الروافض اسمه خميني عمر كرامي الرافضي,not racism
138,ديما الواطيه شو متعاطيه اليوم بول البعير تقديمه ال سعود معلمينك فلوس ليش ما انت لبنانيه اكيد بلدك مين بيعطيك فلوس اكتر,Racism
139,داكو المضبب هو جامع رايو لاخور باين دوده,Racism
140,عصام ابو درماس اكبر نفاق الحكومه السودانيه العرب مستعبدنهم يقدسون العربي مش اجل الانسانيه والدليل الدليل شعبهم الاصول الافريقيه مهجرنه وطنه تبا والعروبه اعجبني · المزيد ·,Racism
141,اللهم احصهم عددا واقتلهم بددا ولاتغادر منهم احدا اللهم اضرب الكافرين اللهم بالكافرين واخرجنا ايديهم منهم سالمين اننا لنفرح يموت سعودي او حوثي فكلاهم اخوه بالعقيده والدين والاجرام,Racism
142,العونيه كلاب ما بدهن على عظم بيك عمبيعوو الكلاب الجربانه,Racism
143,الفلسطينيين يعلمون اليقين ان دويله قطير تتامر ليل و نهار عليهم وهي يبني المستوطنات وتدعم الفرقه الفلسطينيين وهي تحاول الصاق التهم الغير فليحذر الفلسطينييون مءمرات الدويله الخبيثه وليتركو شتم وسب يدعمهم ويدعم قضيتهم,Racism
144,يوجد عدم تطابق دوله قطر والكتر لا يوجد تطابق دوله قطر والسلاح الابيض اسمه كتر,not racism
145,ال سعود الانجاس كلاب اذلاء حقراء ترامب يظهرون انفسهم بانهم اقوياء افقر الشعوب,Racism
146,الوضع الان نتيجه لظروف انسانيه السعوديه اصابها التوازن والتعقل والنظره الثاقبه وبعد النظر والقرارات المترويه والحازمه والمانعه,not racism
147,وانشا حنا مسلمين كلاب اس هادا اشي كيعلواو في اولادنا الله يخليكم بالخلي,Racism
148,ياعاهره ياجزيره تكلموا عن احتلال قطر,not racism
149,شيت او كول جاد فاك لايف او كول هوا تلحس طيزي,not racism
150,داك الحول مريض تفو بنادم كيفاش كان داير هاد الوجوه معمرني شفتهوم الزنقه او اللهم المشرملين او هادوا,Racism
151,لقد قيل خلت امريكا االخليج خالي فتحاربوا واظهروا للعالم قدره فرقطاتكم,not racism
152,بستين جلدة جهنم شاء الله مابيضل كلب علوي ولا ابن متعه,Racism
153,المصيبه ان الشخص الثاني بعثي بمذاق اخواني قطري يخرب عليك بيتك عفلق الاشكال الي تركتها,Racism
154,والتغير مستجد ومتغير نفهم النفاق بلغه ءال سعود معهم وهم يستضفون كل مجرم امثال بن علي وشفيق,Racism
155,علماء الامه علماء امريكا عبيدها يحضرون الفتاوي الطلبه هءولاء بلاء الامه ان نجاستها تغسل بالماء,Racism
156,النفاق المسيحي لماذا يتعامل المسيحيون والمسلمون بازدواجيه عندما لا يتم انتقاد المسيحيه عكس انتقاد الاسلام,Racism
157,سرطنه عمان نات بجانبها هموم العرب وشءون الامه يبدو انها تنكرت لجيرانها العرب انصح عمان بعدم الابتعاد قضايا الامه العرب واذكر مسءولي البلد بان الذءب ياكل الغنم القاصيه,Racism
158,والعرب كالعاده لا حياه لمن تنادي حفنه صهاينه لصوص مجرمون جبناء نكلوا ب 350 مليون عربي للتذكير كيد الصهاينه ضعيف,Racism
159,رجعت الكلاب الي الجزيره العربية وبدءت تنبح ونتهش ومتي تبدءين التحضير واعلمي ان هذا الشعب اكبر ماتفكرون بني صهيون,Racism
160,حسنا دعني اقولها مره اخري تعال رفاق مجرد قطعه الهراء وهذا يعني انه يجب تعترف بان الاعبين لعبه يعزفون الاتهم بطء عمل الزنجي ينبغي اسمي يعزفون الموسيقي مجرد مجموعه المنبهات وامين الصندوق لكنك تعرف شيء طنان عنهم كلماتهم اغانيهم مجرد شعر سريالي يتم غناءه ضجيج البوب ويبدا الجميع تسميتهم بالعبقريه والحقيقه اغانيهم معني خذ الالبوم الحاءط سبيل المثال تاكد انه كان يحكي قصه المعني الاخلاقي ومعني القصه تخبرني الغرض اغانيهم جعلك تفكر بالطريقه الوحيده التي تجعل الموسيقي بطيءه الون الوردي يمكن يجعلك تداعب اعتقد انه كنت رجمت بالحجاره تماما ربما تكون راكبات ومره اخيره بينك فلويد العنه مص يجب تذوق مءخرتي يجب,Racism
161,الفلسطينيين واللبنانين والشاميين والفلسطينيين لكان انتو لليوم تشربوا بول البعير تاكلون بصحن كبير وتبزقون منو,Racism
162,اللهم اشغل الظالمين بالظالمين وخلصنا امريكا وايران وروسيا وبشار اما الحوثين وصالح فامرهم سهل الخليج يسحقهم سحق,not racism
163,اعلا شي وصلت يا فيصل ان تكون انت لاجء درزي قذر قطر انت,Racism
164,وقتل اكثر 74 سعوديا الحدود في اليوم الاول برصاص القبايل و9 ماتوا باختناق شده الحر وكثافه الغبار,not racism
165,والله اغبي ناس الارض لبناني يقول عن نكايه الناس بالطهاره شخاخ,Racism
166,الحوثي قتل خبر نقله موقع الكتروني سعودي موقع العالم المخترق انقلاب صالح الحوثيين قتل خبر ابتكرته الشرق الاوسط السعوديه,not racism
167,اللهم اني صاءم خويا سعيد وجه المتعه اللي تلقيتها منك التسعينات وانا طفل والله نقول شي حاجه اللي تخصر صيامي وكنثيق ذكاءك بحيث قراته جد كافي والله ليصلك كنت اريد منك قوله تحياتي,not racism
168,ايتها النصرانيه البشعه القبيحه فاقده الانوثه والجمال والاخلاق انتي مصابه بداء جنون العظمه تظنين يفهم الاعلام انتي وتظنين يوجد قناه خنزيرتك تبث وبامكان خنزيرتك هز الدول واستقرارها شو قالولك ان بلدك لبنان مغتصب ايران عبر حزب الله بشعه,Racism
169,يلعن الله قطر وحكامها قطر لان لعنهم لعن اسراءيل,not racism
170,ساءق التاكسي يقل سائق ناش زوجته وطفل فقد التحكم السياره اصول عربيه مصر العربيه,not racism
171,نص اللبنانيي هذا رايي انت يا رمز الغبا ههههههه,Racism
172,الكلاب اللبنانيين يداهمون مخيمات النازحين عرسال : للاجءين السوريين كلاب وستبقون كلاب,Racism
173,يحصل منهم تراخيص العمل بمصر فكيف يكونوا صحافيين هولاء جواسيس اعترفوا الاعتراف سيد الادله نقوله للجزيره فات الميعاد تحيا مصر مصر السيسي رءيس مصر,Racism
174,ملء الشلوح رجعوا عليهم يا زوامل مشي خصنا كرونا خصنا شحجا زايدا,Racism
175,وماذا يعني القصف والعصف في الافق امام السعوديه ارتكاب المجازر بحق المدنيين وازعاج المسلحين وتشريد مواطنيها الجنوب,not racism
176,قمه الذل والهوان يطلبه كافر و يحميه كافر,Racism
177,كلشي كلاب ، وحمير ، الله يكون معانا وصافي,Racism
178,مجلس النواب الريال كذابين امريكا ومرتزقه مستقبل وتعز تلفض الخونه وعملاء ال سعود,Racism
179,والعرب كالعاده حياه لمن تنادي حفنه يهود صهاينه لصوص مجرمون جبناء نكلوا 350ون مليون عربي للتذكير كيد الصهاينه ضعيف,Racism
180,كول هوا وعمال بلوك هاي هاي الحركات بتمرق علينا اذا انت انسان غبي بدك تستغبي العالم,not racism
181,ماحد ما درا عنكم ياصعاليك تميم نهايتكم مشردين دول في العالم والبغدادي حقود تارك عدو وطنه اللدود ويتهجم السعوديه ونضامها,Racism
182,تامر المفسدين وتاجرو باسم الدين سيعرفهم العالم بانهم عملاء متصهينين,Racism
183,ومتي التزمتم بيثاق شرف مهنيه الستم من تكذبون الف مره اليوم وخاصه حول العدوان البربري اليمن انتم فاقدين للمصداقيه تماما مصداقيه مهنيه,Racism
184,سخيفه ومنحطه يا عملاء اسراءيل الهم حق يحكوا كوني وطنيه ولبنانيه قومي بالاول وارجعي تفلسفي,Racism
185,خلي حكام العرب تشوف فعلا اسال ساقط لا يقول ساقط يقولك زلمه,not racism
186,ههههههههههههه الله يلعن ابوك عهالخلفه يا العمي اسالك واجلطك وكمخ وزنخ وسميك ومقرف حتى تجيك جلطه بنص لسان,not racism
187,غلطو فالسميه فالحاله المدنيه داروك كريم صدقتي على راسك ذكر اش راجل خاصك هاد العصا زايدا لمك الهم مسكينه انوضي تكعدي عاوني امك الزمان الله يهديك,Racism
188,روحي روحي انضبي روحي بلي تسترك ستر شو وقحه منحطه تفه,not racism
189,يابنت لجنوب انت اول وحده اسراءيل وضد المقاومه فهمتك مفصومه يا ايمتي شرفه والوطنيه لدبو عليكي فجاه شفت احقر منك,Racism
190,اكثر شعب متخلف رغم العلم انهم عندهم تتطور الصناعات بعدهم شعب متخلف جاهل ويصدق الخرافات بشكل كبير جدا وتبرك البقر وبول البقر اعزكم الله,Racism
191,ترامب كلب مع كلاب في شوارع خرا,not racism
192,اوك عارفين ان المجتمع العربي زقحتي السوريين برضو زق القضيه الفلسطينيه سوو زي ماسوو العرب معهم مو محور الحديثهو لحالو قال اناقررت اكون بالجانب الخير العالم انت ليش ماتتبرع بربع راتبك لعاءله سوريه ليش ماتستضيف عاءله سوريه ببيتك وتعطيهم الملحق الاقل او تستاجرلهم حي الله او تشتري شقه بدل التحلطم العرب غجر العرب اغبيا وانت فلوسك كلها تروح لندن ودبي عفكره انت احقر العرب,not racism
193,عهدالعلوج عهدفاشل تلو الفشل استغفر الله امثالكم,Racism
194,عيب كلبه انك تجيبي سيره مصر وتقولي عليها شعب فقير ومرض ومشرد لبنانيين انجاس فعلا ده انتو شعب كلاب,Racism
195,طبعا كما لايجوز لايجوز ايضا للشام ان يكون يقودها ابن ديوس ديوووس الشام وهدهده,Racism
196,مقارنه محلهاه ايران تصنع شيء تقريبا العرب الخليج يصنعوا دراجه هوائية هواءيه لحد فكيف تتوقع منهم صنع سلاح نووي,not racism
197,استحي صعلوك قليله شرف انصحك تتعلم اللغه العربيه وتترك العبريه لتحسن من فهمك غبي,Racism
198,لاجل خدمه شعوبهم مفلسف وقارن شعوب الدول المتقدمه بشعوب شعوب تلك الدول المستعمره كمثلنا,Racism
199,اللهم انصر اليمن الحوثيين الشيعه والرءيس اليمني المخلوع ال سعود الصهاينه الحقيقه كلهم مجرمين ال سعود اشد كفرا ونفاقا الجميع,Racism
200,لماذا يرحل النجم ماجد عبدالله سءال مهم,not racism
201,حكام السعوديه تركيا ايران وسوريا مصر يبعثون اولادهم للقتال يمكنكم انتم ان تفعلو مثلهم ان لم ترسلو اولادكم ذالك فهو خطاء علكم تعلمون,Racism
202,واضح من كلامك انو فتنجي هيدا صهيوني قواتجي والاثنين,Racism
203,اين تنسيق عمل مكتب الخاءن عباس الامني المقدس,not racism
204,يلا يا خنزير الله لا يرحم صدام حسين داعسكن,Racism
205,الله يحرق الطرفين لحم بقر دجاج كلاب ملوخيه,not racism
206,المشكله تختص بالجزاءر فقط بل بجميع الدول العربيه المنتجه للنفط الوضع دول الخليج سيصبح اعظم سوءا الجزاءر مرحله النفط ستحول الخليجيون من مغرورين الي متسولين,Racism
207,يومكم جاي روافض قرامطه السنه والشيعه كلكم العمله كفار فرق بينكم الدين وسياتي عليكم يوم ينتقم الاسلام اله اكير,Racism
208,لماذا لا يرحل ماجد عبدالله سءال مهم,not racism
209,كاين وقت لمطلع ليكم الشان قدنا بحالكم ماخصنا نطلو عليكم لاحول قوهوة الا بالله فينا الفضول كندخلو نشوفو بوزبال بحالكم,Racism
210,انضبي شوي يا ام نص لسان طعمرك ابشعك,not racism
211,وزير خارجيه قطر يقول بان قطر قدمت للعالم افضل عرض فوزها باستضافه المونديال مستحق يعني المتحاملين شافوا عرض قطر الممكن ينظروا من جديد ملف قطر,not racism
212,حسن نصرالله تاج راسك وحده بلا اخلاق وحده واطيه وحقيره مثلك بدها تسكر ولا تمها وتحط ايدها راسها تذك,not racism
213,وزير خارجيه قطر يقول بان قطر قدمت افضل عرض فوزها باستضافه المونديال مستحق يعني المتحاملين شافوا جديد عرض قطر الممكن ينظروا في جديد ملف قطر,not racism
214,لماذا لا يتم حراسه الصفحه الاولى بحماس شديد العديد الاغبياء يروا شيءا مثلها,not racism
215,ربي العالمين كبير وسوفه تندموتكم جميعكم ولن نسامحكم خزلاننا الدول المنكوبه والمفجوعه والمشرده اين اتنم سوريا الجريحه او الرهينغيا او العراق او فلسطين والقدسها الشريف اين انتم اليمن والاهلها اين انتم يامخنثون حقوق العرب اما القطري عديم الشرف تكون ايران شريفه وهي دمرت وقتلت وابادات الشعب العراقي والسوري تكون شريفه وهي مجرمه حرب وقاتله تشارك قتل السوريين واليمنيين والعراقيين ولبنانيين وكل يقول انه سني حسبي الله ونعم الوكيل عليكن وعلي اجتماعكن انتم بلا شرف او كرامه او نخوه انتم بلا اخلاق,Racism
216,كذبي علينا وسلينا انت بتكذب بتبعق,not racism
217,بستين جهنم شاء الله مابيضل كلب ولا علوي ولا ابن متعه,Racism
218,رجعت الكلاب الضالة الي الجزيره وبدءت تنبح ونتهش الارض ومتي تبدءين التحضير واعلمي ان الشعب اكبر ماتفكرون بني صهيون,Racism
219,ام نص على طول لسان موتي موتي,not racism
220,فش رت حشره حريتنا ورح ناخدها تضرب انت وبشار والملك تبعكم ما تفو عليكم انت يهودي فشرت تكون انت عربي الله ياخدكم اشه لفه,Racism
221,"هزم مجلس الامن تراسه دول الكفر, فقد انتصر انتصر المسلمون",not racism
222,يدور قطري مايدري ان امير قطر سلم قطر للتركي المجرم القاتل الفاسق يعني خليك مشرد,Racism
223,فكيف يكون مصلحه الولايات المتحده مع اسراءيل السعوديه اخر كلمات التقرير توضح هذا التحالف الخفي العلني السعوديه اسراءيل المحافظين الجدد الامريكيين او يسمي بالثالوث الشيطاني,Racism
224,كسم السيسي علي كسم ال دعم السيسي يوم حتي دنا كنت اعدادي كنت بشخه عليهم واقول للعيال الدروس العسكري هينيكك وينهبك زي مب بقاله 60 سنه بيعمل وال بيبداها دم مستحيل تشوف خير كانوا يتنمروا عليا ويقولوا عليا اخوان ولاد الاحبه نصهم اهاليهم بتشحت دلوقت,Racism
225,انعل ابوكم ابو جيش على اسراءيل يا كلاب كلكم,Racism
226,داك الحول مريض تفو يا بنادم كيفاش داير هاده الوجوه معمرني شفتهوم الزنقه اللهم المشرملين او هادوا,Racism
227,افصح عن اخلاق القحباء عندما تحاضر بالعفه زمزم وخصوصا الفرس,not racism
228,عثامنه : مشغول حاليا بامن بلده اسراءيل,not racism
229,سوريا لاهل الارض من كلاب ايران الله بالتركسات الصفر القبر وجنهم الحمره,Racism
230,اقسم لك بالله انتي اللي قدامي بالمجان اسويلك شي زنجيه جاتك القرف سودا,Racism
231,مجلس الريال كذابين ومرتزقه مستقبل وتعز التي تلفض الخونه والعملاء وعملاء ال سعود,Racism
232,وهذي تقدرون الخونه المرتزقه والحمير المستاجره تطلعون فيها لكم تقرير عنها,Racism
233,شراميط اسكندريه شراميط الاسكندرية شارع صلاح الدين الشراميط مبتسترجلش منتصر يشعل تويتر,not racism
234,العرب تموت بسكته قلبيه وانت تزني فانت شهيد يااخي مسخره وكل الجنود الاماراتيين هندوس وسيخ والتعتيم الاعلامي الاعلامي لقتلي السعوديه بالعشرات,Racism
235,عرفت انه خاين ايام صدام الله يرحمه ترسلهم الدول العدوه للقضاء على دوله مسلمه شريفه واساءل الله العظيم عز وجل ان ينتقم للمسلمين شر الخونه معهم,not racism
236,اخاف اتحسب ربنا ياخذنا والله اخوي احنا المقصرين احنا الامه الذليله الامه الراضخه الامه عديمه الانسانيه المءمنين توادهم وتراحمهم كمثل الجسد الواحد اشتكي عضو تداعي ساءر الجسد بالسهر والحمي احد منا يقف هالحديث بايدي ادعيلك بايدي اني اتف حالي عمري 23 سنه بقدر احرك ساكن لاجلك بايدي الدعاءك الي بعمري الوم حدا كانوا يقودوا جيوش واحسرتاه اسف اخي محمد تاسفت الدره ربي يشفيك يكون معك,not racism
237,ساءق التاكسي يقل ناش زوجته فقد التحكم السياره اصوله عربيه جمهورية مصر العربيه,not racism
238,اعلا من شي وصلت فيصل ان تكون انت لاجء درزي قذر قطر انت,Racism
239,هوي يحق ان يتكلم وامثالكم الخانعين في احظان الغرب والشرق والصهاينه ان تخرسو,Racism
240,لماذا تهاجم وتنتقد ليس الاسلام فقط ؟ لماذا لاتنتقد المسيحيه والاديان الاخري,not racism
241,صرامي اهل الكويت الكويت الضاحيه تاج راسك,not racism
242,القلاقل والمذابح قامت ايران وحلفاءها المعتقد الصفوي بتنفيذها لبنان وسوريا ذبح الفلسطينيين ايديل حركه امل والعراق حرب الخميني وبقيه بلاد المسلمين بدات تعود عليهم بالوبال,not racism
243,سكتت كلاب العونيه فلت كلاب حزب نصر الله القافله تسير وكلاب حزب الله تنبح,Racism
244,مستوي اي نت : وهي مرتك تفو,not racism
245,عندما يحاول البائع بيع الحمار تعلم فن الابتزاز,not racism
246,اهم شي يبقي حليب الحمير لا يصل الي قطر لومن تركيه بعدشريفه مكن بول خميني يتوقف قطر,not racism
247,سوريه سنيه وستبقي سنيه وحسبي الله تعالى ونعم الوكيل بالعرب الخونه باعوا الشعب السوري بالرخيص فليفرح ابن بن زايد وكل كلب عربي دعم بشار الجحش,Racism
248,فينيقيين ولسنا العرب اعوذ بالله اصولنا العرب ههه نحن العرب جرب,Racism
249,هوي يحق ان يتكلم وامثالكم الخانعين احظان امام الغرب والصهاينه يجب ان تخرسو,Racism
250,ايا شريف بهالبلد يخلعها من قتلي ويخرق اختا بالقتل ويحط صوره السيد وعلم الحزب على راسها قريبي علينا خنزيري,not racism
251,بصراحه الدين الاسلامي افيون للشعوب احترامي الشديد لكل المتدينين,not racism
252,انتم منبع الدجل والكذب الشعوب وعلي المسلمين باسم الاسلام فرق بينكم وبين اعداء الله شء يصدقه الا السفيه ابتغي متاع الحياة الدنيا عقيدتكم دين دين الزرادشه,not racism
253,صرمايتو اشرفي راسك و خليكي نقبري لعبي قدك تفكري انو حجمك بحجم طولك ديك النمل,not racism
254,سياسهعسكر مصر يا الشعب المصرى جووع كلبك يتبعك,Racism
255,بغض النظر كلهن كلاب الامارات وصلت للاسد شحنات كيماوي بس قطر الاقل كانت تعطينا شحنات مضاد طيران بال بتضل تركيا يلي جابتنا كتاف بالاخر,Racism
256,اعلان الاتفاق وكان نتنياهو رءيس وزراء السويد في السابق يدعك جراح اسراءيل والسعوديه بالملح يروج لمنح ايران جاءزه نوبل للسلام,not racism
257,ارحمك عرص خول تميم قنوات قطر القنوات الشاذه امثالها خيانه الشعوب العربيه الاسلاميه الافريقيه اعلاميون شواذهمان هعدم الخونه بامري,Racism
258,السيسي وعباس كبار القادة الصهاينه العرب عملاء وعملاء اسراءيل,Racism
259,الحقيره تروج للعنصريه والكذب هالمجنسين الحثاله واين ال الكرام بلدكم الذي استعمر الاتراك وتميم الخانع المنبطح لاردغان وعزمي يا بشاره خايف,Racism
260,تبا يا ابن جزيره لماذا تنشرون بوست مالتي,not racism
261,مفتي القتل صهيوني بامتياز وقتل امثال القرضاوي مرض عضال في جسد الامه,Racism
262,لاحول لاقوه الا بالله الله تقبله الشهداء اهل مصر عليكم بالاخوان اخواتهم فهم اساس فساد تخلف في الدين والله بريء منهم الي يوم الدين,Racism
263,منرجعه منقلك انك بتنقبري بتقولي سماحه السيد,not racism
264,هييه تروا الا ان حكام الحوثين حكام اليهود,Racism
265,مسكينه المحاميه ودافعوا بيتها القط والكلب دافعوا اولادهم ليله ليه مرو بيه اش مشيت راجل متزوجه وانتو كدافع العهر,not racism
266,انت تريد احد تنظم الدوله الجزيره نسمح حشد الفرس المجوسي الشيعي ان يبقي فيها احد منكم بلادنا الله تتكلم وكان كل الجزيره ملك لابوك,Racism
267,فهذا هو ما يحدث بكل دول العرب وهم ورثه اليهوذ الحكام الفعليين لدولنا العربيه,Racism
268,فش رت حشره حريتنا ورح ناخدها تضرب انت انت وبشار والملك تبعكم تفو عليكم انت يهودي انت فشرت تكون عربي الله ياخدكم اشه لفه,Racism
269,انا مش عارف انتو اللي بتلمعو وعايزينها بطله التاييد لبشار والسيسي مع القتل والتهجير ارحمونا بقي شله العواجيز دول,not racism
270,اخرس انت تكذب وكلامك نبره من الحقد والسم تنضح كلامك والله انت وجماعتك هم مفتاح اليهود تركيا والعراق وسوريا وكل بلد اسلامي,Racism
271,هاذو اليهود اعداء الاسلام تفوو علي هاذو الفيروس الجراثيم نتاع اخر الزمان هاذو فيروس اقوي كورونا فساد الاءرظ الهم طهر الارظ هاذو الجراثيم,Racism
272,ولك يا استحي بقي عاي لسانك الا سوريا,not racism
273,الخارج الامه والدسيس الاسلام علماء السلاطين بتسمياتهم المختلفة المختلفة المتعدده هيءه كبار مهرجين الي كباريه الازهر,not racism
274,مبروك على السعوديه اشباه العرب مبروك بعوده دوله اليمن الجنوبي,Racism
275,سعنا القول اننا نحارب ضد العروبه الملعونه وفي النهايه تعودنا الاسوا وهناك ينتهي المطاف بالادعاء وحتي يتعجب حالته المزريه ضربه كبيره ماشالا ولديك المنافقين الكبار المهووسين الزاءفين معظمهم قابيل منعوا انفسهم تعليم اطفالهم باللغه العربيه الجنرالات المسءولين البلد الفيشو تعال لديك الاخلاق لتقول ou توقف صغير الخاص الدعايه العربيه زالت لغه جميله الجيد معرفه اللغات رد فعلك عنصريه اللغه العربيه مسءوله شيء وانا انجح والافضل انه بشكل ملموس عمل عنصري ضد اللغه العربيه يزال الحمقي والجنرالات والوزراء وكل الحمقي يسنون قوانين التعريب ويعفو عنهم ابناءهم ابتداء اويحيي يتجمعون السجن ويحسن الامر بمجرد انهي مهمته التعاونيه السيلاتيكيه اسمي ينا نعرفه pov con سيقول ساركوزي حسنا حسنا اوقع واصر اللغه العربيه خطر مثبت يتم التحقق ازعاجه انحاء العالم اعرف دوله عربيه واحده لغه عربيه جيد مكان كارثه لان اللغه مجرد لغه المطلق انها تنقل ثقافه قيم الخارج ثقافه العالم العربي قيمه بلا جداله ودليل يدعم مقابل القيم العالميه للتقدم والحريه والتسامح والمساواه وغيرها فقط تابع اخبار العالم قالها عربي مسلم شتاته ومشاكل التكيف الالفيه الثالثه,Racism
276,انتم مجموعه من العملاء الخونه ولستم المقاومه,Racism
277,العمي اللي بعيونك بعتي له ذمتك رخيصه تفه,not racism
278,البعض يلومون السعوديه والخليج بعدم ايواء الاجءين السوريين بصراحه انهم يكلفون خزينه المملكه الكثير المال تسالو انفسكم اين سيقضي الملك والحاشيه هذه العطله الصيفيه صج الا اذا اختشو ماتو,Racism
279,سكت كلاب العونيه فلت كلاب حزب الله لان القافله لا تسير وكلاب حزب الله تنبح,Racism
280,بمثل مافعل الصهاينه بفلسطين وبكذبه المقاومه والممناعه وهم الجبههالاولي في لاسراءيل اعرف وو عندي احساس داءما تقولها وتدعيه الانظمهالجيوش الصهيونيه الجيش الصهيونيالسور كله كذب,not racism
281,الحزب بحارب على الناس دول مش شعبو هبله,not racism
282,مجرد راي فكرت نيوزيلاندا تسليم الارهابي المجرم الي تركيا لاعدامه صدق او تصدق بان دول استحماريه عربيه عميله سوف تتدخل لانقاذ المجرم وهي مستعده لدفع الغالي والنفيس تسقط كرامتها باقي دول العالم ونحن نعرفهم معرفه الكلاب,Racism
283,ليتهم يسلمون علينا منك يا ياذميم قطر ذميم العرب حسبي الله,not racism
284,شوف الطفل الصغير هذا الله يرحمه دول الانذل والساقطين,not racism
285,ال بن سعود ما اذل ان يكونوا اندادا للخليفه,Racism
286,شوف فالاول الضحيه شوفي بقا تقولي بحال مرا نخرج عرفتي نتي تصاور كيتسماو اغراء لواحد مزوج قاتلك مرتو باش كين بنت كتصور وسيري مرتو الصح بلا نتي كيدخل مرتو لابسه بيجامه داربا اغراء فساد علي راسك واش معندكمش رجال فداركم.,not racism
287,لماذا تتطرق قناه الحقيره لموضوع تميم والده عندما تنازل الاخير لابنه خوفا ينقلب ليقوم هذا الابن المدلل بتقديم رئيس دوله قطر طبق لخليفه الشواذ قردوغان,Racism
288,شهداء الثورة ذنب السيسي اذنابه هم حطب جهنم,not racism
289,ينفعه التكريم ان مات كان مقعده جهنم,not racism
290,يدور قطري مسكين مايدري ان امير قطر سلم مفاتيح قطر للتركي الفاسق يعني خليك مشرد,Racism
291,يدور واحد قطري مايدري حتى ان امير قطر سلم قطر للتركي الفاسق يعني خليك مشرد,Racism
292,مجلس الريال كذابين ومرتزقه يستهدفون مستقبل اليمن وتعز تلفض الخونه وعملاء ال سعود,Racism
293,انتي مالك ومال مصر يابن السيسي مش في بلدكو يابن بترمي يا صرته الارض جاك قطع ايدك يااا,Racism
294,تلقاك تحريري هارب القرون الوسطي ، ولسه لسه بتحلم راجل التخلف سمه لهذه الشعوب وثقافتها,Racism
295,انت تريد احد تنظم الدوله الجزيره نسمح لكل حشد الفرس المجوسي الشيعي ان يبقي احد منكم بلادنا سبحان الله تتكلم وكان الجزيره ملك لابوك,Racism
296,شراميط في اسكندريه شراميط صلاح الدين الشراميط اللي مبتسترجلش منتصر يشعل تويتر,not racism
297,كلاب ام كلاب جيبو سيرتو فلسطين انتم الصهاينه عملاء,Racism
298,والبلطجي يا جبران باسيل المال لمعه والله حلال ولله حراميا شيخه,not racism
299,وين دول الخليج الجربانه متخمه بالاموال تسسقبل اللاجءين الا الفلوس للسلاح القتل الله البصق ملوك و امراء دول الخليج حرام لانه البصقه ممكن تتنجس عليهم منهم حول قوه الا بالله,Racism
300,اتركوا بلدنا لا نريدكم ايها العرب,Racism
301,فعلا يتعلم العرب القنوات الرافضه للانقلاب وهي تامل خيرا راعيه الحزم عاصفه الحزم,not racism
302,انتم تصدرون بترول العرب واموالهم لليهوذ وتتكلم وتنتقذ تركيا وشعبها اما اليهوذي يدعي المقاومه يحير,Racism
303,اخاف اتحسب ان ربنا ياخذنا والله اخوي احنا المقصرين احنا الامه الضعيفة الذليله الامه الراضخه الامه عديمه الانسانيه المءمنين توادهم وتراحمهم كمثل الجسد الواحد اشتكي عضو تداعي ساءر الجسد بالسهر والحمي احد منا يقف هالحديث بايدي ادعيلك بايدي اني اتف حالي عمري 23 سنه بقدر احرك ساكن لاجلك بايدي الدعاء الي بعمري الوم حدا كانوا يقودوا جيوش واحسرتاه اسف محمد تاسفت الدره ربي يشفيك يكون معك,not racism
304,كفايه تنمر بقيه زنجيه يابن الوسخه,Racism
305,لاحول لاقوه الا بالله الله تقبله الشهداء اهل مصر عليكم بالاخوان اخواتهم فهم اساس كل فساد وكل تخلف الدين بريء منهم الي يوم الدين,Racism
306,السيد زيدان يا خولف لماذا لا تعود بلدك مادامت فرنسا بهذا السوء انك تاكل النعمه تسب المله انشر الراي والراي الاخر,Racism
307,لايمكن اسراءيل المعاهده تتجرا يمكن حوثيين مندسين يكرهون اسراءيل وهدفهم هو شق صف تحالف الحسم,not racism
308,حكم جنرالات و عسكر فرنسا بالجزاءر اكبر حليفه لنظام الصهاينه بسوريه وصنعتهم فرنسا,Racism
309,اتتي ام نص على لسان روحي انضبي,not racism
310,طبعا لا لايجوز لايجوز ايضا للشام ان يقودها ابن الكلب ديوس ديوووس الشام وهدهده,Racism
311,خبرونا كلاب تبعكم قافله ام بيعووا الكلب بالعربي او الفرنسي,Racism
312,كسم قطر و حفتر مش هيشرمكم فعلا اقل انتكون لقمه ياشواذ نهياتكم قريبا,Racism
313,كلب سوري جربان في بيت حريري اصحاب ايادي بيضاء مدينه طرابلس لبنان مش ايدي ملطخه بالدماء والمجازر وتفجير المساجد كلب النظام سوري,Racism
314,القرف الصغير معك باكيس جميعاا ملتصقا مع بعضه البعض,not racism
315,رءساء الدول العرب اصبحوا جاريات لامريكا اسراءيل,Racism
316,هاذو اليهود اعداء الاسلام تفو علي هاذو الجراثيم نتاع اخر الزمان هاذو فيروس الايدز اقوي من كورونا فساد الاءرظ الهم طهر الارظ هاذو الجراثيم,Racism
317,عثامنه مشغول بامن وسلامة واستقرار بلده اسراءيل,not racism
318,الزناديق يقومون اليوم بتغطيه ال جنبلاطه المرتدين الناكثين لديننا تناصر الباطل فهو سيبقي باطل,not racism
319,بدك تطاولي السيد انشر الخبر تبعك واذا بيكي حدا الضاحيه يلي بروح بيعملك اتلي,not racism
320,يوجد يوجد تطابق دوله قطر قطر والكتر يوجد تطابق دوله قطر والسلاح الابيض اسمه كتر,not racism
321,ناطره ياخدوك عسجنه روميه كرمال يقصولك من شعراتك المزروعين قرد الجاهليه,Racism
322,انضبي يا امك نص لسان طعمرك ابشعك,not racism
323,رد الليبي يا جاءر تخاف اسود الدوله الاسلاميه ه لان قلبك حب الناطو الجاءر نرحب,not racism
324,انتم تصدرون بترول العرب كله وامواله لليهوذ وتتكلم باسمه وتنتقذ تركيا اما اليهوذي يدعي المقاومه يحير,not racism
325,الله لا يلعن كل الاديان يلي دمرت البشريه,not racism
326,الحقيره تروج للعنصريه والكذب هالمجنسين الحثاله واين ال سعود الكرام بلدكم استعمر الاتراك وتميم الاسد الخانع المنبطح لاردغان وعزمي بشاره خايف,Racism
327,الحصاد الطاءفي اخر محاولاتهم العبث بالخلق والمخلوقات وولي الي غير رجعه ظل الفناء للظلم والطغيان ، وافول الكون عده علامات ظواهره,Racism
328,اكيد الجواب الذي اسالكم موجود في اروقه الخنزيره لانكم الاقرب الاسراءليين اي احد العالم ارجوا عدم الاستعباط,Racism
329,روسيه ودشاديشها يعني روسيه جيش جيش ايران اوامرها دشاديشها وطبابيلها الشبيحه العراقيين ومرتزقه البراميل يصفقون الدب الروسي فهمت اشرح مره ثانيه,Racism
330,البشر يولدون ملحدين يتم تلويث عقولهم بالاديان عندما تحجب طفله صغيره فانت تقوم بقتل طفولتها عندما تتزوج طفله بعمر التسع سنوات برجل يفوقها سنا فانت تجعل جثه قيد الحياه عندما لا تبرر تحرش الرجل للمراه تقول كانت محتشمه هكذا فانت تخلق,not racism
331,ابناء الصهاينه من اليمن واحفدهم تفو بلاد دتب,Racism
332,السعوديه تلعب مءخره الخنزيره جهزنا لها لبوس جيد جدا لمنع الحرقان,Racism
333,سيشرعكم حكم الاخوان المسلمين عملاء فرنسا واسرائيل والانجليز ولانه توجد شعوب,not racism
334,اين هؤلاء الفنانات الفنانات اغرقن الشباب العربي معصيه الله ان تغرق بيروت القمامه ربك بظلام للعبيد,not racism
335,ولك يا استحي بقي ما عا لسانك الا سوريا,not racism
336,لابد معاقبتها باي شكل رباها لانها اهانت مصر كلها السيسي لا يمثل نفسه السيسي هو رءيس مصر,not racism
337,الحكام والحكام العرب احقر شعوب الدنيا وابشع بني البشر,Racism
338,دفع فاتوره التمرين مع العلم ان ايران تمر بازمه ماليه خانقه شغلوا الواتس اب على قناه الخنزيره وجيبو الخبر,not racism
339,ملء الشلوح رجعوا من زوامل مشي خصنا كرونا خصنا من شحجا زايدا,Racism
340,قريبا سيطلب بوتن الطيارين الروس التوجه الدوله الخليجيه ويطلب منهم عدم قضاء حاجتهم الا اجواء الدول فيقسفوهم بخراءهم الروس ليتم تدمير دول الخليج بفضلات الروس,Racism
341,ام نص على كل لسان عم تحكي,not racism
342,المطلوب مركز اغاثه العقل الجمعي العربي اللذي يقدم اغاثه لضحايا عدوانه منطق يقبله عقل سوي اما عندما تكون اسيرا للفكر القبلي البدوي يصبح مقبولا ولنسميه سياسه دبلوماسيه,not racism
343,سكربينه عنصريه حقها فرنك فوتي حسابها شوفي خدي حب حموضه من بدون مراجعه تدخلي,Racism
344,الا كان ربي كيستر علاش حنا شعب منستروش تفو شعب,not racism
345,يستحق الاعدام وكل من داس ارض السوريين,not racism
346,شوف جالس جنبه ترامب ويدعي انه سيحارب الاسد الصهيوني بالقضاء على تنظيم امريكا وصنع لاجله,not racism
347,عهدالعلوج عهدفاشل تلو الفشل استغفر الله امثالكم,Racism
348,لما اقول انه الرجال رجال وسخين وملاعين ويجي لي احد يقول لاتعممين التعميم لغه الجهلاء,not racism
349,ام نص على طول لسان موتي موتي,not racism
350,مايقتلني الدوله الميكروسكوبيه وينك صدام الخليج كله محافظات واليوم يتحفظون الدولارات باقيه وتتمدد اليوم الفلوس تجيب العروس عجيب امور غريب قضيه اين المطبلون والمهلهلون,Racism
351,كلشي كلابا وحمير الله ربي يكون معانا وصافي,Racism
352,يخرج ال سعود المدعمين للدكتاتوريه البلدان العربيه الغنية باموال فقراء حزيره الحكام العرب يخرجو سالمين وسترون المستقبل,not racism
353,حسبنا الله ونعم الوكيل اللهم عليهم اجمعين رينا يقطعون اشلاءكم بتقطعوا ارزاق الناس خنازير كلاب,not racism
354,قتلوه تاثما نوع الجماله قطر وخاصه انهم اتعبوا انفسهم وجابوا زياره ههههههه اقول قبحكم في خلق الله قوم نذاله وغر انتم وكل الخليج مافيكم خير,not racism
355,سيشرعكم حكم المسلمين عملاء اجهزة مخابرات فرنسا والانجليز ولانه توجد شعوب,not racism
356,ام في ايه نص لسان حماره بلدي,not racism
357,ايران الشيعه خبثها ال سعود وهابيتها المنافقه سيكونون هم سببا هلاك شعب الخليج الامراء الملوك و عاءلاتهم فينهم تل ابيب بضعه كلومترات,Racism
358,لماذا تخجل من او تستعمل التقيه لاثبات جنسيتك انتماءك لايران انت ايراني لان لغتك العربيه ركيكه تعليقك,Racism
359,سنرقص كلنا فرحا عندما تقصف طائرات اسراءيل ايران بالغازات السامه والكيماوي ولكلور وسنوزع الحلوي بالشوارع عندما تطلق اسراءيل قنابلها النوويه قم وطهران,Racism
360,جيش وشعب مصر العظيم خير رقاصات الارض,Racism
361,طبعا انتي شو فرقانه اللي معك معبيه الجيبه خبزك مخبوز ومايتك بلكوز والشعب كله عمرو يشتغل تفه شرفك,not racism
362,اما انت انت كا زعيم قريه بد زغرتا يسير بدك تتمسك تمسك رصن الجحش جحش,not racism
363,صوره من المصحف الشريف موجوده على سنوات الانترنت اين المصداقيه,not racism
364,عفوا انت يا ايمتا بعتيلي لينك غنايه انت انت خراس,not racism
365,النفاق المسيحي لماذا يتعامل المسيحيون بازدواجيه عندما يتم توجيه لهم انتقاد المسيحيه عكس انتقاد الاسلام,Racism
366,اكثر شعب متخلف رغم انهم عندهم تتطور الصناعات بعدهم شعب جاهل جدا ويصدق الخرافات الشعبية بشكل كبير جدا وتبرك البقر وبول البقر اعزكم الله,Racism
367,هاذو اليهود هم اعداء الاسلام تفو علي هاذو الجراثيم نتاع اخر الزمان هاذو الجراثيم فيروس اقوي كورونا فساد الاءرظ الهم طهر الارظ هاذو الجراثيم,Racism
368,عندما كانوا تقدموا بسرعه الموصل لم يكن طيران يعيق تحركهم المختصل المفيد الرد العبيد,Racism
369,يلا خنزير ، الله يرحم أيام صدام حسين داعسكن,Racism
370,العما بقلبك قديش ما بتحب بلبهدله وءام وهاب انت حقير وكلبح وشرشوح وانت قمه الزباله حقير حقير حقير,not racism
371,سكان الربف بالمقارنه باقي مناطق المغرب كانوا تاريخبا اناسا محافظين يرضوا لنساءهم وبتاتهم الاخلال بالحياء والمسك بالاعيراف والشرف وحتي عهد قريب اواخر العقد الاخير القرن 21 كنت تتجول الحسييمه وجده والناضور وقلما تري انثيي متبرجه بلباس فاضح محتشم بسلوك يدل الوقار الذكور القوم كانوا يدوذون شرف الفتاه وشرف الاهل بالقصاص حدث ان اخل احدهم او ابنتهم بالشرف العاءلي الويل منهم كانوا يءمنون بقول الشاعر يسلم الشرف الرفيع الاذي يراق جوانبه الدم وااسفاه الايام هاقد سيقت الراقصات والمغنيات والمهرجين والمهرجات والماجنين والماجنات قلب الريف المقاوم الشرس يرفض ان يغر السرب يخاف لولمه لاءم الصدح بالحق الذوذ الشرف الاصاله الاعراف بشهامه وعزه سقطوا المصيده باسم تقريب الفن اليهم ومنحهم نصيبهم موازين الفسق والعهر تطبع معها سكان العاصمه شبابها يقولون مزيد وفك العزله الثقافيه عنهم بنيه تدجينهم وتطويعهم قطره قطره استحمارهم رويدا رويدا تضبيعهم شيءا فشيءا وهذه بدايه نهايه الشهامه الريفيه والش التقليديه عزه النفس المعهوده فيهم فكره بسيطه وجهنميه ان يتم استقدام العاهرات الفاسقات بقاع المغرب ستدراج المراه الريفيه المحافظه العري والخزي والسخافه لتنتبه مظلومه محروميه الحق التعري والاختلاط القذر والرقص واظهار المقدمات والمءخرات اتتكندم موجه الحريات الفرديه ووداعا لدكتاتوريه الاعراف المحافظه والاخلاق الحميده راقبها مارسها عليها الاب والزوج والجد والعم والخال والمعلم ستمسي مستقبلا العدو اللدود للرجل الريفي الغير الطيع ايادي السلطه الحاكمه ويمسي الذكر بلمسه انثويه تلطف ترطب مزاجه الشرس تكتيك شيطاني هدفه المدي البعيد استحدااث التفجير الداخل,Racism
372,مناسبه اغتيال الصحفي السعودي خاشقجي رحمه الله لايسعني الا ان اقول يلعن روحك حافظ روح ابنك بشار روح كل الشباب الي خلفك,not racism
373,غفر الله سبق ورزقك تحتسبين ان ابنتك مريضه جدا وتنام بصحبه كلاب بسبب المخدرات ضعيها مركز الامل للتداوي الادمان وهناك ستقلع الادمان وستعود حالتها الطبيعيه المك يحزن القلب,not racism
374,ديما اكتر وحده بتتحمل مسءوليه التفكير باللي يلي عم تتعرضلوا البنت انت وحده متنمره ومءذيه وحاجتك تكتبي وتمحي بتعرفي,Racism
375,يلعن عرضك شو صار يا منافق بيار صوهيوشيوعي,Racism
376,هد قرار ظالم وان دل فانه يدل علا ان سعوديه تتبع قرارات ترانب وان ال سعود كلبه مدلل اما بحرين وكويت نغس شي لاستمرار علاقتهم بسعوديه وتمسك بالعهد الخليجي وحسل اما مصر فسيسي كاعاهره تتبع غلوس وفي زيطه وبس واكيد انا مو قطر ياثرو عد كلاب تدل علا سيده قطر داخليه وخارجيه,not racism
377,السيسي الامام هو الغالب المتغلب الذي تجب طاعته محاربه الخارجين الجماعه وذلك لقول رسول لله صلي لله وسلم تسمع وتطيع للامير ضرب ظهرك واخذ مالك فاسمع واطع,not racism
378,يبايع امير المءمنين والا فهو مسلم كافر دمه مهدور,Racism
379,اوكا عارفين ان المجتمع العربي زقحتي السوريين برضو زق القضيه الفلسطينيه سوو زي ماسوو العرب معهم مو محور الحديثهو لحالو قال اناقررت اكون بالجانب الخير العالم انت ليش ماتتبرع بربع راتبك لعاءله سوريه ليش ماتستضيف عاءله سوريه ببيتك وتعطيهم الملحق الاقل او تستاجرلهم من حي الله شقه بدل التحلطم العرب غجر العرب اغبيا وانت فلوسك كلها تروح لندن ودبي عفكره انت احقر العرب,not racism
380,الولد لعندهم يروح لروسيه يروح يشتي السلاح شعوب عمي دول,not racism
381,مهو الشراميط تتناك فينا وتجبلنا بنات متناكين زيك يوجعوا في دماغنا كسمين ال ملقكيش كسمك,not racism
382,طاءفي روحك اسال اهلك قانا وهني بخبروك,Racism
383,اش هاد النماذيج اعود بالله غضب الله هاد جوج علاش متجيهومش كرونا وتهنا الكره الارضيه منهم اوسخس بشر شفتهوم حياتي بقات فيا ديك البنيه مسكينه جبتي لهاد الدنيا شنو دنبها تكون عندها بحالك انت وانت واش مكيبقاوش فيك خوتك الاب ديالك يشوفوك بهاد الصوره المقرفه حرام والله حرام,not racism
384,وطلبه اللجوء السياسي فرنسا وبريطانيا والمانيا ولم ولم يطلبه السعوديه لانه يعلم ان الكافر ارحم المنافق وخاصه اذا المنافق الاعراب,Racism
385,ديما الواطيهانت بقعر مجرور كبير للصرف الصحي يصعب عليكي حتى الخروج منو,not racism
386,ماحد ما درا شي عنكم ياصعاليك تميم نهايتكم مشردين دول العالم والبغدادي حقود تارك عدو وطنه اللدود ويتهجم السعوديه ونضامها,Racism
387,والعرب كالعاده حياه لمن تنادي حفنه صهاينه لصوص مجرمون جبناء نكلوا 350 مليون عربي واج للتذكير كيد هؤلاء الصهاينه ضعيف,Racism
388,انت ابن حمار وابن حمار وابن ابن حمار وبدك انك تبقي حمار انت حمار نديم,not racism
389,مجلس الريال كذابين ومرتزقه مستقبل وتعز تلفض على الخونه والعملاء وعملاء ال سعود,Racism
390,كول هوا صدام خنزير الخنازير اما الصهاينه نهايتهم للدعس تفه,Racism
391,الزناديق يقومون بتغطيه ال جنبلاط المرتدين الناكثين لديننا تناصر الباطل علي باطل فهو سيبقي باطل,not racism
392,نهايه السيسي الخاءن كنهايه قوم لوط يتناهي منكر عن فعله لبءس يفعل وان شاء الى الله المصير معتوه مصر الجديد,Racism
393,كول هوا مره تانيي وحلوا طيزو وطيزنا ه ومقلعين كل شوكنا باءيدينا ملا صرمايه,not racism
394,سمعنالكلى صوت من وقت مليشيا القوات الكتاءب نزلو هتفوا حزب الله صهيوني تفه,not racism
395,تماما الاب الروحي المافيوسي يقتل رفاق العصابه ويعمل بلا تردد لخدمه وتحقيق مصالحه الشخصيه الصهيونيه مصيرك بلا شك معروف لديك مفر,Racism
396,السيسي يقتل شعبه رميا بالرصاص وتري العرب يطبلون ويدعمونه بالميارات,not racism
397,اكيد ده مش في طريقك لان هيءتك اقرب لعزراءيل,not racism
398,فش رت حشره حريتنا ورح ناخدها تضرب انت وبشار والملك تبعكم تفو الله عليكم انت يهودي فشرت ان تكون عربي الله ياخدكم اشه لفه,Racism
399,قناه # المنار بكل صدق تحدثت السيطره جرود عسال الورد تتحدثون سيطره النظام عليها وهي البلده وليست الجرود,not racism
400,اساس مرتزقه من قطر يقتلون عيالهم الجبهات,not racism
401,اظن ايضا ان الشخصيه القذافيه عدوي انتقلت الي الجميع الصهاينه,Racism
402,اما يكن عميل لاعتقلوه تسمي جنوب افريقيا اي استعمار الانجليزوامريكا يعني خايف انهم يتوجون الاسدالصهيوني والسيسي بتاج,Racism
403,تذكر المقاله على انه مثليه الجنس علانيه لماذا قاءمه الفءه,not racism
404,انت بتطلع من الكلمات طيزك وبتصفها ورا اعتباطيا الفلتر اللي اخذ عقلك الخرا,not racism
405,شراميط محافظ اسكندريه شراميط صلاح نجم الدين الشراميط مبتسترجلش منتصر يشعل تويتر,not racism
406,هييه تسعوا لناكل طعمه اما الحقيقه ان الاستعمار الغربي والشرقي سيجتمع مع اي شعب يثور حكامهم وولاتهم المنصبين بأمر منهم وسيتعاونون وكما نري بسوريه,not racism
407,بكرا الدوله الاسلاميه تسحق عملاء السعوديه جيش الزعران وكتاءب العملاء اللصوص يالله يادوله الاسلامه مزقي اشلاء الخونه,not racism
408,غرد الجحش وظن باءنه يريد حصانا تتكلم العوني بموضوعيه ، فيرد كبهيم حقير جربان اصله,not racism
409,بدنا تحية تحيه تحية تفه ديما ديما الواطيه,not racism
410,انضبي يا ام نص مليون لسان طعمرك ابشعك,not racism
411,مجلس الريال فضح كذابين العدوان ومرتزقه مستقبل وتعز تلفض الخونه وعملاء ال سعود,Racism
412,اوغلو عصابته الإرهابية : يهربون مستقبل تركيا,not racism
413,علي اساس ان مايسمه المنطقه العربيه لايوجد سكان اصليين واقلييات حتي تفرض عليهم اللغه العربيه جبرا وقصرا علي الاكراد والارامييين والامازيغ والتبو والنوبيين الولوف والهوسا والارمن والتركمان الخ حقوقهم اللغويه والثقافيه ولعنصريتكم حسبنا الله ونعم الوكيل اليه المشتكي واليه المصير,Racism
414,تناخت تناشت تنازت تنابت تنافت تناقت تناجت تناطت تناحت تناكت والله يا ديزاد مان,not racism
415,جاب لهاله طياره تتفسح فيه لاجل انه يعجب راحت عاملاله صيدليات 19011 بتاريخ عيد ميلاده وبفضايح الفساد بيجاملو بعضهم علي حساب الغلابه وفلوسنا المنهوبه بالمليارات نهايتكم قربت ياولاد الكلب,Racism
416,انت يا حمار يا عبد الله بتستحمر,not racism
417,البشر يولدون ملحدين يتم تلويث عقولهم بالاديان عندما تحجب طفله صغيره فانت تقوم بقتل طفولتها عندما تتزوج طفله بعمر التسع سنوات برجل يفوقها سنا فانت تجعل جثه قيد الحياه عندما لا تبرر تحرش الرجل للمراه بان تقول كانت محتشمه فانت تخلق,not racism
418,كالعاده الكويت لايطبق القانون الا حق اهل السنه فقط لابسط زله واما الشيعه فيخالفوا وينتهكوا ويضربوا القوانين في عرض الحاءط ولامن سامع او مطبق للقانون يبدو ان الشيعه اصحاب القرار الكويت,not racism
419,تامر المفسدين وتاجرو باسم باسم سيعرف العالم اجمع بانهم عملاء متصهينين,Racism
420,ياجزيره العنوان غلط امريكا طرف في الحرب العنوان كانها دوله محايده ال سعود لديهم المقدره للقيام بالحرب الدعم الامريكي,Racism
421,العالم كله يعرف عنوان كبير لاغيره العدوان السعودي السعودي الامريكي فهو اللذي يقصف ويدمر ويمول ويحرض ويكره ويقتل وباعترافه واعلاناته الاعلاميه ومتحدثه الرسمي فاتركوا الهراء والاستغماء,Racism
422,سعنا القول اننا نحارب ضد العروبه الملعونه وفي النهايه تعودنا الاسوا وهناك ينتهي المطاف بالادعاء وحتي يتعجب حالته المزريه ضربه كبيره ماشالا ولديك المنافقين الكبار المهووسين الزاءفين معظمهم قابيل منعوا انفسهم تعليم اطفالهم باللغه العربيه الجنرالات المسءولين البلد الفيشو تعال لديك الاخلاق لتقول ou توقف صغير الخاص الدعايه العربيه زالت لغه جميله الجيد معرفه اللغات رد فعلك عنصريه اللغه العربيه مسءوله شيء وانا انجح والافضل انه بشكل ملموس عمل عنصري ضد اللغه العربيه يزال الحمقي والجنرالات والوزراء وكل الحمقي يسنون قوانين التعريب ويعفو عنهم ابناءهم ابتداء اويحيي يتجمعون السجن ويحسن الامر بمجرد انهي مهمته التعاونيه السيلاتيكيه اسمي ينا نعرفه pov con سيقول ساركوزي حسنا اوقع عليك واصر اللغه العربيه خطر مثبت يتم التحقق ازعاجه انحاء العالم اعرف دوله عربيه واحده لغه عربيه جيد مكان كارثه لان اللغه مجرد لغه المطلق انها تنقل ثقافه قيم الخارج ثقافه العالم العربي قيمه بلا جدال ودليل يدعم مقابل القيم العالميه للتقدم والحريه والتسامح والمساواه وغيرها فقط تابع اخبار العالم قالها بلد عربي مسلم شتاته ومشاكل التكيف الالفيه الثالثه,Racism
423,نفهم الجزيره تقول ان الاخوان المسلمون عملاء امريكا,Racism
424,ضيفك العربي يبدو انه ضعيف جدا اضافه يبدو انه بعيد جدا كلمه اسلام كلمه السوريون اللاجءون في كل بقاع العالم فكره يصب مصلحه العرب المسلمون,not racism
425,معتوه يحاول استثمار العنصريه اجل الفوز بهذا المنصب الشخص اجر قطعه ارض منهاتن نيورك للقذافي زيارته لتلك المدينه اجل نصب خيمته واليوم يتنكر للعرب والمسلمين,Racism
426,ال سعود كانوا مخربين في لعالم لعربي كله,Racism
427,السعوديه شر البليه اغلبها من مصاءب العالم الاسلامي وراء عولمتها للوهابيه انها حول العرب الي رزيه,Racism
428,ابشروا بالهزاءم حكام الخليج عملاء امريكا الصهيونيه كلاب اسراءيل فقد حان حزز رءوسكم ابناء الطلقاء يدافع الحمير فهو جحش يستحق الضرب دبره البهاءم,Racism
429,اما انت كا زعيم قريه زغرتا يسير بدك تتمسك تمسك رصن تصير مثل الجحش جحش,not racism
430,السيسي رءيس السيس ، فقط يا بن الليل,not racism
431,تعلمون اراضي سعوديه محتله طرف اسراءيل هماجزيرتا تيران و سنافر انطلاقا المبدا بلد يلعب السعوديه لان جميع اراضيها محتله,not racism
432,عار دول المغرب العربي الجزائر يشار المغرب الجزاءر تونس اشد الحكومات خيانه للمسلمين عداوه دوله للمجاهدين مشروع الخلافه الدول تحالفا الرب الامريكي الدين اتخدو الله,Racism
433,تفه شو اللي صار بكرهك كلبه مصاري,not racism
434,كول هوات وعمال بلوك كل هاي الحركات بتمرق علينا اذا انت غبي بدك تستغبي العالم,not racism
435,وانت مين حضرتك مدير ميناء مدينه درنه القاءم بالاعمال السفير الليبي تركيا جاي تدلي بتصريحك طريق قسم التعليقات على الجزيره اكاد اجزم بانك جماعه الاسد وليس لك علاقه بليبيا,Racism
436,يبدو لي ان خنازير الروس يستوعبوا درس غزوة جند الله افغانستان فها يعيدون الكره وسيخزيهم الله جديد القادر,Racism
437,حاجي : تحريض ؟ ام نص لسان,not racism
438,انو غريب ان يوجعك راسك لان القواتجيه عاده بيكونو بلا راس,Racism
439,يبدو ان خنازير الروس يستوعبوا درس جند الله في افغانستان فها يعيدون الكره ثانية وسيخزيهم الله جديد القادر,Racism
440,حقيره واطيه يا ديما ما تفه عليكي بنص وجك جايي الدعوه القضاءيه بحقك جايي الايام بيناتنا,not racism
441,ارحل ارحل ياسيسي مليونيه30يونيو الشعب السوداني بيسطر اكبر واكبر ملحمه التاريخ يارب النصر لهذا الشعب لانه اخد بالاسباب وعرف الع كر مفيش وراهم الخراب ثوره 30,not racism
442,انه اكبر استباحه لايران بروسيا لدول عربيه حكم فيها عملاء المستعمرين,not racism
443,كول هوا مره تانيي ه وحلوا طيزو وطيزنا ومقلعين كل شوكنا باءيدينا ملا صرمايه,not racism
444,لازم الاطباء يعرضوك انت طبيب نفسي بيطري مختص بالامراض النفسيه,not racism
445,نص اللبنانيي رايي انت يا ابن رمز الغبا ههههههه,Racism
446,اخاف اتحسب ربنا ياخذنا والله اخوي احنا المقصرين احنا الامه الذليله الامه الراضخه الامه عديمه الانسانيه المءمنين توادهم وتراحمهم كمثل الجسد الواحد اشتكي عضو تداعي ساءر الجسد بالسهر والحمي احد منا يقف هالحديث بايدي ادعيلك بايدي انيك بقدر اتف حالي عمري 23 سنه بقدر احرك ساكن لاجلك بايدي الدعاء الي بعمري الوم حدا كانوا يقودوا جيوش واحسرتاه اسف محمد تاسفت الدره ربي يشفيك يكون معك,not racism
447,انت بتطلع من الكلمات طيزك وبتصفها ورا اعتباطيا الفلتر اللي اخذ عقلك الخرا,not racism
448,لعنه الله على روحو الطاهرة الطاهره ناصعه البياض,not racism
449,فيينكم العيالات القادات معاكم فاطمه الزهراء شكون فيكم لاله ومولاتي تقدر تعاون راسها راجلها وولياداتها الزمانفي ظل هاد الازمه ديال كورونا حبستي الخدمه ملقيتيش مدخول اجي اختي سواء كنتي طالبه او ربه بيت او موظفه وبغيتي تزيدي المدخول متقدريش تخرجي باش نقول ليك كفاش دارك وسط وليداتك تقدري يالاه اختي اش كتسناي كليكي ودخلي تفهمي الخدمه او استعملي الرابط للانضمام مجموعتي واتساب,not racism
450,الله ينتقم الامريكي اللعين قدر الله له القدر ان يظرب مسءولي الامريكان بالحذاء,Racism
451,تفكيرك غبي متلك بتقلولي نحنا جماعه حزب الله فيا غبيه قصدي انتي ولي متلك عندن شغله يراقبو فيها شو بيعملو الشيخ سعد والهيقه الخرزه الزرقا عامليتلك عقده انتي ولي متلك وان شاء الله تفهمي شو بقصد تقولي قصده جماعه,not racism
452,نعلم جيدا ياوليد ان امريكا تحاربكم فما شانها بمحاربه العبيد فانتم خير كلاب لليهود تحرسونها بعيد امريكا لا تحارب الاحرار وكل يءمن بالله المجيد نصر عبدالجليل,Racism
453,بلغت ال ال سعود الاف سانسور الاخبار انتم القتال ال سعود.,not racism
454,واءاب وئام وهاب وجريده الاخبار وصرمايه المجرم عماد عثمان بتمكم فاسدين منافقين انت ونظام وايرانك اجره عثمان,Racism
455,كلاب حركه امل اللبنانية و فلتانين السوريين,Racism
456,كول هواك وكفنا شركتك احسن منفرجيك بشروط مين منمشي لبنان وعملا اسراءيل لمتلك,Racism
457,انتي مالك ومال مصر يابن السيسي مش بلدكو يابن بترمي يا صرته الارض جاك السيسي قطع ايدك يااا,Racism
458,المطلوب مركز اغاثه العقل العربي اللذي يقدم اغاثه لضحايا عدوانه منطق يقبله عقل سوي عندما تكون اسيرا للفكر القبلي البدوي عندها يصبح المنطق مقبولا ولنسميه سياسه دبلوماسيه,not racism
459,كول هوا وكفنا شرك احسن منفرجيك بشروط مينو ما منمشي لبنان وعملا اسراءيل لمتلك,Racism
460,يدور قطري مايدري ان سمو امير قطر سلم قطر هدية للتركي الفاسق يعني خليك مشرد,Racism
461,طبعا بمباركه المرجعيه الحكيمه الارضه المقدسه النجف والكنيسه موسكوه وساسه العرب السنه دمي خرس ومقدسات وحرمات السنه يوم تنتهك اليهود والصفوين والغرب ولامن مغيث,not racism
462,اساس مرتزقه في سجون قطر عيالهم الجبهات,not racism
463,الله يلعن الاخوان المسلمين بلي بذرهم للمره الالف على التوالي اناشد رءيس دوله كوريا الشماليه المحترم كيم,Racism
464,انت مجرد بوق لنظام ايراني مجوسي رخيص سعرك كلفول السوداني,Racism
465,فشرت ولاك حيوان وهابي يا ابن كلب ساعتك قريبه يالقيط,not racism
466,صح الخبر فخيرا ما فعلوا دابوا طعن العرب والمسلمين ظهورهم حقدهم العنصري القومي والعنصري حدود مكان لابناء اسراءيل الثانيه ارض العرب والمسلمين,not racism
467,اش هادا الزبل ولينا كنشوفو عاديو تفو تفو تفو,not racism
468,الدوله الاسلاميه نصرها الله ومن نصر الله الي نصر عالم الواقع والمطبلين والمهللين لامريكا فرحون باوهامهم هههه,not racism
469,تامر المفسدين وتاجرو باسم الدين سيعرف العالم اجمع بانهم عملاء متصهينين,Racism
470,هييه تروا اليمن كله الا الحوثين حكام اليهود,Racism
471,قله في الدين لاحول قوه الا بالله الجهر منكم بالمعصيه ادا بتلتم فستتر شنو لفاءده علمو ولداتنا وشبابنا كفاش احقق احلامهم ووصلوا المستوي لعيش عيشه فالمستوي تفو الله يغبركم,not racism
472,انت يا حمار يا عبد الله بتستحمر,not racism
473,هيدا العميل الخسيس اكبر عميل صهيوني زمن الحرب الاهلية اللبنانيه كتاءب وبعدين قواتجي,Racism
474,عاجل جدا الجزاءريين يطردون قناه الخنزيره الجزاءر الشعب الجزاءري عرفكم حقيقتكم انه عرف يحدث بالواقع الحقيقي لكم وماذا يحدث عندكم تزييف للحقاءق ووصفكم بقناه العار والعه الخنزيره,Racism
475,كلمتين تعقيبا جمله حرب اهليه وانا اخاطب اخوتي المسلمين فقط اما المرتدين وكفارعربان الله والصحواته والعلمانيه ووو قول اللفظ الصحيح حرب,Racism
476,انت حمار يا ولى بتستحمر علينا,not racism
477,حنا شلوح بينا اوبينك 7 سماوات يا الله يا يعنل تامل بوك,Racism
478,اوربا تقاطع اسراءيل العرب يلغون المقاطعه يفتحون اسواقهم للبضاءع الاسراءيليه عواصمهم للمسءولين الاسراءيليين صدق الله العلي العظيم حينما قال يستبدل قوما من غيركم يكونوا امثالكم,not racism
479,انتم تصدرون الان كل بترول العرب وامواله لليهوذ وتتكلم وتنتقذ تركيا اما اليهوذي يدعي المقاومه يحير,Racism
480,طبعا ، كما لايجوز لايجوز ايضا للشام ان يقودها ابن ديوس ديوووس الشام وهدهده,Racism
481,اصلا مجرد دعمك للثوره جبتيها ارض انت اول من مصدر للشبهه وهذا اصلا سيسرينا وخففي عيشان,not racism
482,جبران باسيل كلب نابح للايرانيين تهمه ايران مصلحه لبنان مثله مثل رءيسه ميشيل عون,not racism
483,تحاولون ، ولن تستطيعو ، ياجرابيع ال,Racism
484,مجلس الريال كذابين ومرتزقه. مستقبل وتعز تلفض الخونه وعملاء دول ال سعود,Racism
485,تفه منظرك من شرفك من اصلك ديما الواطيه,not racism
486,عندما يصير مثل راعي الغنم عندنا ببلداننا يلتحق بالتعليم ابدا شهاده دكتور,not racism
487,يعني تقصد كالامارات دوله بلا دين واغلبيه سكانها مقيمين لهذا البوذي الوثني السيخي اليهودي الخنزير البقري والمسلم يعيشون,Racism
488,لعنه الله وءام وهاب الله يذللك لانك انت انسان مفتري كذاب طالع ما بادك شي الا تعوي,not racism
489,مجلس الريال فضح كذابين ومرتزقه السعودي مستقبل وتعز تلفض الخونه وعملاء ال سعود,Racism
490,عفوا ايمتا لو كنت بعتيلي لينك غنايه انت انت خراس,not racism
491,بلدان بيت بيت الرحمه وليس بلدان اليهوذ كمثلنا,Racism
492,اين تنسيق الخاءن محمود محمود عباس الامني المقدس,not racism
493,"اللهم احصهم عددا واقتلهم منهم بددا ولاتغادر منهم احدا, اللهم اضرب الكافرين بالكافرين واخرجنا ايديهم سالمين اننا لنفرح يموت سعودي او حوثي فكلاهم اخوه بالعقيده والدين والاجرام",Racism
494,العمي شو هي الا غبيه وقوقها تفه,not racism
495,يادي علي النيله حد يقدر يرد علي الخنزيره,not racism
496,الاسلام القتل الفساد الفقر التخلف الخرافه الجهل,not racism
497,عندما يتم دعس راس هذا الحيوان الكلب يبدا النباح فقط,not racism
498,بدك تطاولي السيد انشر الخبره تبعك بيكي حدا من الضاحيه بروح بيعملك اتلي,not racism
499,لعنه الله على روحو الطاهرة الطاهره ناصعه البياض,not racism
500,الحقيره تروج للعنصريه والكذب هالمجنسين الحثاله واين ال الكرام بلدكم استعمر الاتراك وتميم الاسد الخانع الذل المنبطح لاردغان وعزمي بشاره خايف,Racism
501,العالم كله يعرف عنوان كبير لاغيره العدوان السعودي فهو اللذي يقصف ويدمر ويمول ويحرض ويدعم ويكره ويقتل وباعترافه واعلاناته الاعلاميه ومتحدثه الرسمي. فاتركوا الهراء والاستغماء,Racism
502,تفه : يعني شو بكرهك كلبه مصاري,not racism
503,مجرد راي فكرت نيوزيلاندا في تسليم الارهابي الي تركيا لاعدامه هل صدق او تصدق بان دول استحماريه عربيه عميله تتدخل لانقاذ المجرم وهي مستعده لدفع الغالي والنفيس تسقط كرامتها باقي دول العالم ونحن نعرفهم معرفه الكلاب,Racism
504,ثقافه العرب الاعراب : اذا عربت خربت,Racism
505,صهيوني واحد من اكتر الصهاينه خروف مرتك,Racism
506,يلا خنزير الله الله لا يرحم صدام حسين داعسكن,Racism
507,بوكوحرام باقيه تنمو وتمدد رغم انف كل العملاء والحثالات الصهيوصليبيه الكاءن الاسود عميل للصهيونيه العالميه,Racism
508,كذب وسلينا نفسك ان انت بتكذب بتبعق,not racism
509,فهءلاء العملاء اتوا بحكام الاستعمار الغربي للدول العربيه وسيدهم الاستعمار ياكلونون بالاخضر واليابس بشعوبنا العربيه وليسوا مسلمون واسمهم المتاسلمون اليهود,Racism
510,دوله عربيه تعلن بناء اكبر معبد هندوسي على راحه الهنود بينما عرب ومسلمين في ترضي تستقبل منهم لاجيء فعلا اسلام اخر الزمان,Racism
511,لماذا تتطرق قناه الحقيره لموضوع قتل تميم والده عندما تنازل الاخير لابنه خوفا ينقلب ليقوم الابن المدلل تميم بتقديم دوله قطر طبق لخليفه الشواذ قردوغان,Racism
512,بتحبي تجيبي المسبات وانت لحالك عيب الشوم بتوصالي عليه لكعب نعله للرءيس عون ام نص لسان انضبي,not racism
513,السيسي اشد غباء مبارك اشد دمويه مبارك القذافي مرسي ياتي بمثل الشخص السيسي وزير وزير دفاع مءهل,not racism
514,الربيع العربيهوالتحرر منك ومن روسياومن امريكاوايران اسراءيل والعملاءالحكام العرب وعدو واحدلشعوبناالعربيه والاسلامية وسيصل لروسيا وطهران امين,not racism
515,حاجي : تحريض ام في نص لسان,not racism
516,حسن نصرالله تاج راسك بلا اخلاق وحده واطيه وحقيره مثلك بدها تسكر تمها لبنان كله وتحط ايدها راسها تذك,not racism
517,الارهاب يغتصب الستات المدرعات وبعدها تجد اذرع اعلام السيسي تهلل وتبارك الارهاب ماحدث الانتاجرع الاعلامي للسيسي يكن عمل مخبراتي فهو دفاع النفس,not racism
518,انتم انتم العملاء وانتم الخونه ولستم المقاومه,Racism
519,انو غريب ما يوجعك راسك القواتجيه عاده ما بيكونو بلا راس,Racism
520,اننا نعد الغرب بمسيره طويله تنتهي الا بتدمير اقتصاده جزاء وفاقا تعجرفهم سفاهتهم و لمحاولاتهم الخبيثه انقاذ النصيري بشار من انيابنا سيكونون ان شاء الله انيابنا,Racism
521,وانت شو تعتبر حالك وانت موالي موال لهذا الحرباء اللي جن بلاط ههههه,Racism
522,لماذا تركب على ظهر ديك دان براون بشده تعديل اجريته حقيقه يرجي الرجوع تغيراتك,not racism
523,شو بيعملوا السوريين اوروبا والمخيمات هم جايين رقص وشيشه وكلام وطلب لجوء انا اتكلم الشباب لماذا تذهبوا تدافعون عرضكم وارضكم جبناء لماذا تتركون ارضكم للمجوس الرحمه الشهداء والعزه والقوه للرجال يدافعون بلادهم,Racism
524,انا مش عارف انتو اللي بتلمعو وعايزينها بطله في التاييد لبشار والسيسي القتل والتهجير ارحمونا بقي شله العواجيز دول,not racism
525,اصلا مجرد كلمات دعمك للثوره جبتيها ارض الواقع انت اول مصدر للشبهه اصلا سيسرينا وخففي عيشان,not racism
526,ينعم العرب بالسلام والاستقرار المجتمعي داموا عربا يعتنقون الثقافه ظهرت حكايه غار حراء,Racism
527,كلاب ام كلاب جيبو سيرت فلسطين و انتم الصهاينه عملاء,Racism
528,يلعن دولة قطر وحكام دولة قطر لان لعنهم لعن اسراءيل,not racism
529,كذب وسلينا انتي اللي بتكذب بتبعق,not racism
530,يستحق وكل من كان داس ارض السوريين,not racism
531,طهر نيعك عميل مفتن قطعه صغيره جوت امير قطر بنيعك ملاحظه جوت بالقطري يعني صرمايه,not racism
532,لقد قيل خلت امريكا االخليج كله خالي فتحاربوا واظهروا قدره فرقطاتكم,not racism
533,اتفقا دب الابيض علي اخيه الادب الاسود معهما ايها العبيد فيا الشرق والغرب علي اعا ده بشار,Racism
534,المالكي : انت كلب وماتخفي صدوركم اكبر,not racism
535,غريبين اهل الجزيره العربيه بتجوا لتعايروا بشكله بتشبهوه لكاءن ظريف الشكل والاخلاق يا ريتكم تتعلموا تربية الكلاب وتصيروا ظريفين بدال الصلف والجلافه والاستعلاء,Racism
536,للاسف طز بهذا البلد وطز بهيك نواب فعلا للاسف نحنا نحن اللبنانيين شعب بيهوي,Racism
537,هيدا ايراني فارسي يهودي صهيوني من احفاد القرده الخنازير,Racism
538,مافيا فاسده ، وشعب فاسد منافق مسيح جوخ,Racism
539,تركيا العاهره الشعب القذره والقوميه القذره ويلي عملتو انتو الاخونجيه كعبه للمسلمين اللهم دمرو تركيا ارضا وشعبا,Racism
540,متعود تنشر قذارتك! فيصل القاسم : درزي قذر,not racism
541,يجي يوم وسننتقم من كلب لبناني تسبب باذيه للشعب السوري وسيدفعون الثمن غالي,Racism
542,منكم الى من انجس الاخر تفوا عليكم,not racism
543,عميل وغلام صغير للمخابرات العربية السوريه شخصك رخيص سعرك معروف,not racism
544,مقاوم للناسه المريضه هيدا صوص سوري يا اخي رضا ايراني,not racism
545,شكرا على المشاركه خريحق مفتي السعوديه ليلحق حسون ليلحق البوطي ليلحق العرعور,not racism
546,الله يحرمك الهبلة ان ما شاء الله,not racism
547,ان المجرم السفاح ابن ابي انيسه نكره شاطر اهل السنه غبي,not racism
548,صح بشار ابن كلب قليل اللي يلي عم يعملواو بالسوريين شعب عرص منافق بلا ضمير بيكون لاجء بيصير بده يتطاول عللي مستضيفه,not racism
549,علي العالم ان يءدب الدوله المجنونه ايران ويوقف قرصنتها لسفن العالم المياهه الدوليه ايران تمارس الان مامارسه هتلر زمانه عندما ازعج الدنيا واضر بالسلم العالمي علي امريكا حليفه العالم والعدل الدولي توقف مجاملتها وانبطاحها لهذا النظام المجرم المهدد للسلم العالمي,not racism
550,وفيه خولات مصريين كلهم عايمين عوم السعوديه وبيقولك ايران السبب في ايران اكتر دوله ماتلها ناس المصيبه دي التعريص السني الوسطي الجميل,not racism
551,لله وانا اليه راجعون اللهم ارحمهم ورزقهم الفردوس الاعلي الجنه اللهم احفظ مصر العروبه والناس الطيبه وكل رجالات مصر حكومه وشعب وساءر بلاد المسلمين المسلمين والناس الطيبه ورزق ابناء مصر واهلها حبه مصر والحرص عليها اللهم بكل خاءن قذر يريد الفتن المسلمين والناس الطيبه,not racism
552,الكضيه الطريقه او المثليه شعب منافق شعب كذاب يغير شعاره الان الي فلسطين مثلي او مثليه,Racism
553,تسجيل صوتي مسرب للص يوني عزمي بشاره يكشف دفاعه المستميت اس ر١ءيل ومشاركته التخطيط للاستيلاء الدول العربيه زمي بشاره فلسطيني حامل للجنسيه القطريه وعضو الك ني ست الاس ر١ءيلي النفس العنصري ضد ابناء عرب الجزيره,not racism
554,فلتتحمل اوروبا وزر قوانينها تشجع حريه العلاقات المثليه والشذوذ الجنسي ومن المهم تصدر المرض المجتمعات العربيه والاسلاميه,not racism
555,اقتلو القطط السمان والكلاب الضاله حتى تنجو مصر,not racism
556,جمال ريان تركيا سلمت نقش سلوان التاريخي الي اسراءيل ستقول المره ان اردوغان يفهم اللغه الكنعانيه او حتي العبريه ام ان ليس لديك عذر اخر تكلم صهريج النفاق المهترء,not racism
557,شعب يجمعه النفاق الكذب وتفرقه الكذب الحقيقه يقتاتون الكذب ويتقياون النفاق,Racism
558,خر الضحك ابن كوم شكاير المعرصين بيزعق للجمهور الجون لو مشوفتش ميسي رونالدو بيزعقوا لجماهير الارجنتين البرتغال شوفتش لاعب بيمن جماهير بلده بيزعق فيهم علشان كانوا ضده موقف معرص بدايه النهايه ان شاء الله خول نجريج ده لاعب ابن وسخه خنزير,not racism
559,نظام المخزن العميل والخ والملك المنبطح خاءن المءمنين الذين اذلوا الشعب المغربي الشقيق المغلوب امره فلسطين فلها رب يحميها,Racism
560,ياعني بغل يابن البغل تقولك تعا دوووج علي العسل سايل علي فمي ولا ترد تقولها علي مهلك علي دنا حيله ابوي وامي,not racism
561,كلاب بتس بتتربي الكلاب علي ايد ايديهم الكلاب دي هتطلع صالحه للمجتمع,not racism
562,اللهم اللهم شتت اللهم شمل اليهود وبدد قوتهم وفرق جمعهم اللهم ترفع رايه تحقق هدف,Racism
563,الجحيم في مجتمع الميم ليس كله سهلا,not racism
564,من قبايح التطور ان البنت القاصر اخذت مساحه اكبر وحريه التصرف والاختيار,not racism
565,اولاد الكلاب اكبر حساب خزان للتراث الجزاءري منازع اغلقوه المغاربه دليل كافي ان الجزاءر حق باغلاق حساب سياسي المغاربه يعملون بشتي الطرق بتر اي مساعي جزاءريه لتحسين وتحسين صوره الجزاءر يجب ايصال الحقاءق بالادله مايضربهم مقتل اعلنو حرب علينا يجب الرد هاذو الكلاب,Racism
566,يستطيع المدعو الله تعالى ان لا يكون ماديا,not racism
567,يعني انتي وهل اهبل اكتشفتي البارود ليش ؟ وين جيش بلبنان المحرر جيش لبناني هبله,not racism
568,المهم معاشك نازل في اخر الشهر لان اغلبيه العالم منافقه,not racism
569,ان ما شاء الله الله يقبرها عنجد,not racism
570,نشالله يا رب العالمين يقبرك هلق بكره,not racism
571,ان شاء ا ا الله كلنا منقبرك,not racism
572,ان ان شاء الله ما بسقطو زلاعيمك المسالك البوليه,not racism
573,مشكله ديما صادق بتفكر مثل تفكير الحشاشين انو العالم كله براس اذا فجر راسه يختفي العالم كله,not racism
574,وتوه ماعطينهم مليون عطاهم من الله سقم ولسه بكره بيرجعون لهم يردحون ويسبون عمر ماينعدل,not racism
575,الان دخلت صفحتك وعرفتت انك اللي مشغلهم نظام الحمارين كلاب اللي تنبح ضد السعوديه,not racism
576,والله ان مصر عصيه وعلي مليون زي مليون ابو تميم البغل ده,not racism
577,ادعي احرار مصر وشرفاءها الالتفات والالتفاف الكامل حول الدوله لانقاذ مصر وليس خيار اخر ان الانقلاب يستهدف الاحرارجميعا فهل يعي الاخوان الحقيقه فوات الاوان اني ناصح امين,not racism
578,اعدل الحكومات العالم السعوديه والحاقدون والحاسدون كانوا يخوضون كبر السن للخادم الحرمين الشريفين والان اتوا بابعاد تضم طيها الحقد والبغض ضد حكومه بلاد الحرمين الشريفين اللهم ايد خدام الحرمين الشريفين اللهم اللهم رد الماكرين والحاقدين مكرهم وحقدهم,not racism
579,هاي هاي والله شكو الهوسه ايران مصر وشكو يعني الخره اخو البول كله نكاسه,not racism
580,نرجو الجزيره عدم نشر اخبار الطفلين الكورتين صدعو رءسنا يوم تهديد وعيد شيء يحدث وهم يتصرفون اليوم كدول يوم براي وافعال مال مزعطه,not racism
581,حساب قطري قذر جدا كله كذب في حرب العرب لاغراض خبيثه,not racism
582,تعليقات اتباع الامام الخوميني والنصيري والسذج تثير الشفقه فتكاد كلماتهم تنطق الغيظ والحقد والحسد اذن اشبال الخلافه يغيظون كل اهل النفاق والعماله اذن فلتموتوا بغيظكم عبيد الطغاه,Racism
583,سنودن عباره شخص لقيط رخيص رخيص وضيع كافر كاذب نعتب لماذ فضاءيه غير مشهوره ومتابعه ملايين الناس وتدعي الموضوعيه تنشر,not racism
584,هييه انت الا اليوم علمت ان ايران مدعومه اليهوذ وليس الا الماسونيه اسراءليون يهوذ لبسوا لهم عباءه اسلاميه وارسلوهم باريز بدعوي انها ثوره اسلاميه واهل البيت,not racism
585,ايران التى اصبحت تحتل الشعوب الجبانه العرب,Racism
586,كطيح البقره كيكتروا الجناوه شعب منافق كنشوف شي نساء كيكتبوا عليها شي اشياء كي وكيلموها كانهم اولياء الله وكلهم شريفات عفيفات حافظات لفروجهن لا يخافون الله سير الله يغبر لكوم الشقف قالك الجمل كيشوف حدبت اخر مكيشوفش حدبتو,Racism
587,طظ في امريكا في الراي الامريكي عندهم تطهير عرقي وقتل السود بدون ذنب طهروا انفسكم ان تطالبوا الدول بالتطهير,Racism
588,اولاد كازا مكيع فوش يهضرو كلهماسلوبهم خرب عيان خصوصا اللغه العربيه والرياضيات والعياقه تشويكه والامه,Racism
589,ومنذمتيرفعت ايران هذا السلاح النووي بوجه امريكاااو حتيلها االقدره,not racism
590,اجرام اجرام ملالي ايران ايران عملاءهم الله ان الشعوب العربيه تهدا تقتص ايران عملاءها قطره قطرة دم عربيه طاهره سفكها اكبر مجرمي العالم,not racism
591,سابقه جلبت العار تحدث بالتاريخ العربي العربي الحديث القديم التاريخ ان يشاهد الناس حاكم عربي يظهر عاريا ولد موزه ولانعلم سنمحي الحادثه تاريخ الحكام العرب سطرو الامجاد لانلوم مصر وهذا موقف عربي حر ان يمانع وجود,not racism
592,ياقناه الجزيره الخنزيره احيطكم علما بان هجمات حفتر ستستمر حتي ينهي علي عناصر الاخوان علي شاكلتهم موتوا بغيظكم ياقناه الخنزيره العميله الماجوره وطبعا انتم تموتوا الرعب والحزن علي عناصر الاخوان الخرفان مرتزقه وسائل الاعلام مش انتم دا معاكم تن,not racism
593,زيدوها بنت محمد سعيد عويطه ولا حول قوه بالله,not racism
594,اتمني منكم ان يحمل القتلي الي احد البارجات الايرانيه ليدفنوا قم فارض العرب تلفظ جيف العبيد والخونه,Racism
595,خبيث يتحدث حقوق الانسان الا اذا اعترفت فرنسا بجراءم الحرب الجزاءر خلال 132سنه تعذيب النساء الاطفال بعدها تشدق بحقوق الانسان في زوج الصهيونيه,Racism
596,امحاربه القبور ازالتها لا تكفير لمن يشركون بالله تعالي يشركون الاولياء الله عظمته علاجه اهذا خطا,not racism
597,اذا عربت خربت اينما حل الاعراب خرب اينما حل الحراب,Racism
598,عواقب عدم نصره الظالمين على الانقلابيين مصر,not racism
599,العدوان اليمن وهكذا سيصير اولادكم سعوديون ان ينفعكم العملاء الصهاينهالمنصبين على حكمكم بالامريكان تحسبون انفسهم انكم اقوياء وانتم اهون بيت العنكبوت,Racism
600,علاقه ايران اسراءيل وليس الا بروسيا فلتاكل الطحين شعوب العملاء العرب وبما انها تتغدي يوم بينما اارضهم اغني الارض,Racism
601,حقيقه : : السعوديه وامريكا واوروبا الغربيه سبب التدهور لاضعاف الروس والسبب الروس للقرم,not racism
602,يدافع المحللون العرب المختصون ايران الدوله الخرافيه دوله مكابره يكفيها ذلا الدجال الذي سيخرج ارضها,not racism
603,السنه يقتلون ايديا ايران العراق وسوريا تستدعي السعوديه سفير ايران شيعه ايران سعوديي الجنسيه قتلوا ايران قدمت طلب التحقيق,not racism
604,اللهم ان امريكا طغت البلاد اكثرت من الفساد فيها فصب عليها سوط عذاب انك لبالمرصاد,not racism
605,الهم ارحمهم واكتبهم الشهداء اللهم دماءهم اجعلها حجه علي ملك السعوديه وشعبها وعلي المسءلين عن موسم الحج يجب ان يحاكمو جميعا رداءه الاداء كالمعتاد لماذالاتعطي مهمه التنظيم للامركان او اليابانيين,not racism
606,القاضي ورءيسه مزبله التاريخ وتحت اقدام المصريين قريبا باذن الله الاحرار الشرفاء يحاكمون فهم من يقدمون ارواحهم وحرياتهم عن طيب خاطر طريق تحرر شعب مصر اسوا اعداءه الخونه الحقيقيين,not racism
607,زاعما انتوما كتفرقو لحلال والحرام الله ينعل الي ميحشم واقسم بالله وخا منعرف فاش تبعيو وتشريو تخلطو لحرام واحلال اخر ايامكم وانتم في دار العجزه والفقر والتشرد والايام بيننا,Racism
608,جاءزه نوبل للخراب والخراب والتدمير البردعي دمر العراق وسوريا وكان عاوز يدمر مصر توكل شكمان دمرت اليمن,not racism
609,الجزيره اداه الدعاره العالم كله بمافيهم حلفاء امريكا علي احر الجمر انتظار يقوله بوتين ام قرود الجزيره السحاب فيسبون عكس هذا التيار ويساهمون مزيد التضليل الاعلامي قحابزلازاكثر اقل,not racism
610,يمكن للمواطن المصري دخول السعوديه لاداء مناسك فريضه الحج او العمره او تصريح العمل بدون تاشيره دخول مسبقه نظام الكفيل الاستعبادي المذل المهين بينما يمكنه زياره ايران بدون تاشيره دخول,Racism
611,ان الله غفور رحيم كلنا المغاربة عندنا عيوبنا داك واحد الشماته اللي صور الفيديو سير الله يفضحك دنيا واخيره,not racism
612,اساسا انتم تدرون كيف ان سلاطين اراضيكم الجاهليه ماضغطونا اظنت والله اعلم ان كلمه ساضغط مشتقه ضغط الجزيره مرتفع وظهرت بسببه الكلمه,Racism
613,مخلفات الدوله العبيديه في مصر لا تغني الصيام والعباده جزء الشعاءر,Racism
614,سير ولدي لطبيب لحماق راه مابقي مايعجب لهبار وليتو تصوروهم لا حول قوه الا بالله,not racism
