text,Majority_Label,label,id
سوريه سنيه وستبقي سنيه وحسبي الله ونعم الوكيل بالعرب الخونه باعوا الشعب السوري بالرخيص فليفرح ابن زايد وكل كلب عربي دعم بشار الجحش,1.0,Racism,
ان المجرم ابن انيسه نكره شاطر اهل السنه غبي,1.0,not racism,
كلب ايراني,1.0,Racism,
قمه الذل والهوان يطلب كافر يحميه كافر,1.0,Racism,
راجل او نص روتني اليومي تقحبين,1.0,not racism,
اي اعلام تقصد اعلامك كاعلامكم او اعلام الجزيره او ال سي ان ان فعلا انتم اكثر البشر كذبا علي وجه الارض,1.0,Racism,
انت تريد احد تنظم الدوله الجزيره نسمح حشد الفرس المجوسي الشيعي ان يبقي احد منكم بلادنا الله تتكلم وكان الجزيره ملك لابوك,1.0,Racism,
الي جهنم وبءس المصير يطلق عليهم المثقفون العرب كانوا داءما مناصرين للطغاه,1.0,Racism,
لاحوله قوه الا بالله ان كنفكر نشري بقره ونستافذ تفو كمامر,1.0,not racism,
انهم واحدوصنع الاول للثاني ولكي يسقط حماه الصهاينه,1.0,Racism,
فهءلاء العملاء اتوا بحكام الاستعمار للدول العربيه وسيدهم الاستعمار ياكلون بالاخضر واليابس بشعوبنا العربيه وليسوا مسلمون واسمهم المتاسلمون اليهود,1.0,Racism,
الغه العربيه تصلح لغسل العقول بافكار شيطانيه ارهابيه,1.0,Racism,
قديش صرت كاتب سمعت شي مره البيك تطلع او رد مفتن الطايفه ابن شعبان الله يوفقك قالوا,1.0,not racism,
ام نص لسان موتي موتي,1.0,not racism,
الهم ارحمهم واكتبهم الشهداء اللهم دماءهم اجعلها حجه علي ملك السعوديه وعلي المسءلين موسم الحج يجب ان يحاكمو جميعا رداءه الاداء كالمعتاد لماذالاتعطي مهمه التنظيم للامركان او اليابانيين,1.0,not racism,
مقاوم للناس المريضه هيدا صوص سوري اخي رضا ايراني,1.0,not racism,
اتت ام نص لسان روحي انضبي,1.0,not racism,
وبالتاريخ كله ولاوجد نظام وجيش يبيذ بشعبه كنظام الاسد الصهيوني وجزء احتلال اسراءيل لفلسطين وسيقضيعليه وتتحرر سوريه هوتهديد لاسراءيل,1.0,not racism,
انت امك عامو للغريب وعلي ام درزي معك لان الدروز منك براء مفتن وغد ابن الزنا عرس انت,1.0,not racism,
انتي عم تحكي ام نص لسان روحي انطمي,1.0,not racism,
اسمع ياصحافي نيك يماك ناكت صليبي اكيد وجابتك مملوء حقد المسلمين نيك امك الامه منيوكه زمان الصليب واليهود والطواغيت وبمساعده امثالكم تفوه عليكم يازباله,1.0,Racism,
ال سعود اذل ان يكونوا اندادا للخليفه,1.0,Racism,
وبهذا تكون المجر انضمت الي دول الخليج العربي بغلق الحدود وجوه السوريات والسوريين العذبين الارض,1.0,Racism,
ليش يللي متلك يعتبروا شعب انضبي ام نص لسان انتي حكي بتعرفي تحكي وبدك تغردي كمان انضبي,1.0,not racism,
وقال نتنياهو يذكر بالاسم دوله اسراءيل اتصال دول عربيه بشان ايران مبروک لکم یا ایها العربان,1.0,Racism,
بستين جهنم شاء الله مابيضل كلب علوي ابن متعه,1.0,Racism,
كلام فارغ الزنجيه اسبوع اعتذرت لاسراءيل يطبلون قطيع الاخونجيه,1.0,Racism,
خسءت طاهر القلب اللسان الجيش الجزاءري هوي جيش وطني شعبي افراده طواءف الشعب الجزاءري المسلم هوي سليل جيش التحرير حارب فرنسا قدمي اغلي التظحيات هوي تاج راسك راءس حاقد غيور,1.0,not racism,
ههه مفهمش كيفاش الشعب شوف تيفي كيدافعو وحده نعست بلا عقد زواج بلا عرس كيهينو الزوجه الوحيده مضلومه فهاد القصه واش وليتو كتحللو الحرام تحرمو الحلال هد ليلي مجرد بنت فاسده خاءن زاني زوجتو هديك الطفله الصغيره بريءن,1.0,not racism,
السيسي يقتل شعبه وتري العرب يطبلون ويدعمونه بالميارات,1.0,not racism,
كنتي بنت ناس مكنتيش تصيفطي ليه دوك تصاور عريانه مصوره بديك طريقه بحال شي محترفه دعاره او كتقولي راجلي باش راجلك فاتحه واش حنا باقين زمن لفاتحه نوظي احبيبه جمعي راسك قالك ظحك نتوما كظحكو روسكم او تعطيو فرصه لشمايت يلعبو عليكم تستاهلي كاع فيك الي بغا يظامن خاصو يظامن بصح محتاج تظامون ماشي بحالك يديرها ايديهم او يجيو يشكيو,1.0,not racism,
انت حمار ول بتستحمر علينا,1.0,not racism,
انت جيتك الدني فتنه فتنجي,1.0,not racism,
الاهمال الحوثي مرتزقه الاعلام وقوافل الاعانات السعوديه والامارات مدار الساعه اعمي بصيرتكم الحقد السعوديه والامارات تقولوا الحقيقه,1.0,Racism,
سيذهب السيسي والاه العبيد ويبقي الحق وانصاره الابرار الاطهار,1.0,not racism,
ولك انت دب العالم سكوت,1.0,not racism,
يللي عم قوله نوع التهكم بهله شو بدي اعمل اذا راسك محدود,1.0,not racism,85.0
مره حكيتي انو تعرضتي للتنمر لانك كنتي مسلمه بمدرسه مسيحيه بالاشرفيه شكلك ديما بعدك معقده الصغر,1.0,Racism,
ريتو ستميت عمرك ان تجوزت ان تجوزت خرا عاللي بتتجوزك عاللي بيعجبو هيك حكي,1.0,not racism,
صدقتي ديما للاسف اللبنانيين اكثر تخلفا وعنصريه,1.0,Racism,
مقارنه محلها ايران تصنع شيء تقريبا العرب الخليج يصنعوا دراجه هواءيه لحد فكيف تتوقع منهم صنع سلاح نووي,1.0,not racism,
حول قوه الا بالله الله اولاد الاوروبين اصبحو مربين بوزبال اوروبا اشاهد الاجانب لديهم وشوم اكتر الاوربيين,1.0,Racism,
يابنت لجنوب انت اول وحده اسراءيل وضد المقاومه فهمتك مفصومه ايمتي شرف والوطنيه لدبو عليكي فجاه شفت احقر منك,1.0,Racism,
ابشروا بالهزاءم حكام الخليج عملاء الصهيونيه كلاب اسراءيل فقد حان حز رءوسكم ابناء الطلقاء يدافع الحمير فهو جحش يستحق الضرب دبره البهاءم,1.0,Racism,
السومه تاج راسك كلب,1.0,not racism,
حاجي تحريض ام نص لسان,1.0,not racism,
انتي نص لسان خراسي,1.0,not racism,
ديما الواطيه كابوسك جبران باسيل كلنا جبران انقبري كفي خافي ربك,1.0,not racism,
اكثر شعب متخلف رغم انهم عندهم تتطور الصناعات بعدهم شعب جاهل ويصدق الخرافات بشكل كبير جدا وتبرك البقر وبول البقر اعزكم الله,1.0,Racism,
العسوديه هدفها استعماري اضعاف اليمن السيطره بحر العرب ولكنها بهذا العمل تزيد عدد الدول تعاديها وتءجج نار الفتنه,1.0,not racism,
حنا شلوح بينا اوبينك 7 سماوات الله يعنل تامل بوك,1.0,Racism,
انت بتطلع الكلمات طيزك وبتصفها ورا اعتباطيا الفلتر اخذ عقلك الخرا,1.0,not racism,
انت حريمك عواهر,1.0,not racism,
تلقاك تحريري هارب القرون الوسطي ولسه بتحلم راجل التخلف سمه لهذه الشعوب وثقافتها,1.0,Racism,
قرينه جديده عماله الملاحده المرتدين للغرب ولصهاينه غرر فاسراءيل الكبري المخطط تجاور حق الجار جاره مناصرته,1.0,Racism,
هوي يحق ان يتكلم وامثالكم الخانعين احظان الغرب والصهاينه ان تخرسو,1.0,Racism,
انت وقح عاهره تحاضر بالعفه,1.0,not racism,
جبران باسيل كلب نابح للايرانيين تهمه مصلحه لبنان مثله رءيسه ميشيل عون,1.0,not racism,
وحده بلا اخلاق حقق سرمايه,1.0,not racism,
غلطو فالسميه فالحاله المدنيه داروك كريم صدقتي راسك ذكر اش راجل خاصك العصا زايدا لمك الهم مسكينه انوضي تكعدي عاوني امك الزمان الله يهديك,1.0,Racism,
معزه طارت تغلبو الشعوب انتم طرتم بالسماء,1.0,not racism,
السعوديه والامارات الصهاينه موللوه اخطاو الحساب وليس حفتر المرتتزق,1.0,Racism,
سد بوزك كلب انت شقفه عتال بتشتغل ببلدي خراس ولك حشره اذا بدك شغل بدي ناطور لبنايتي بشغلك بتشطف الدرج عندي وبتلم الزباله,1.0,not racism,
انت عماد عثمان ياصوص,1.0,not racism,
ينعم العرب بالسلام المجتمعي داموا يعتنقون الثقافه ظهرت حكايه غار حراء,1.0,Racism,
انعل ابوكم ابو جيش اسراءيل كلاب كلكم,1.0,Racism,
اولا قرارك وليس قرار الشعب السوداني ولست شرعي ولتشترك بالحرب عملاء امريكا اليمنيين,1.0,Racism,
يلعن عرضك شو منافق بيار صوهيوشيوعي,1.0,Racism,
عام انت ديوثه عام انت نكره عام انت ناقصه عام عندك خلل ونقص انت بتشبهي الشي,1.0,not racism,
اصمتي ام نص لسان,1.0,not racism,
انتم منبع الدجل والكذب الشعوب وعلي المسلمين باسم الاسلام فرق بينكم وبين اعداء الله شء يصدق الا السفيه ابتغي متاع الدنيا عقيدتكم دين دين الزرادشه,1.0,not racism,
لبناني مشرد اي بلد يدخله للبناني ينشر الفساد والرشوه,1.0,Racism,
للاسف ياقناه الجزيره اصبحتم بعيديين الحياديه تقاريركم الاخباريه وتابعين لعده دول اذكرها لانكم تنشروا تعليقي,1.0,not racism,
وانشا حنا مسلمين كلاب اس هادا اشي كيعلوا اولادنا الله يخليكم بالخلي,1.0,Racism,
كول هوا خنزير الخنازير الصهاينه نهايتهم للدعس تفه,1.0,Racism,
القبايل الحوثيين الان ربما اكثر مليون والبركه العاصفه والعدوان الفاشل اليوم مقاتله سعوديه قتلت وجرحت اكثر 100شخص تعز,1.0,not racism,
عرفت انه خاين ايام صدام الله يرحمه ترسلهم الدول العدوه للقضاء دوله مسلمه شريفه واساءل الله عز وجل ان ينتقم للمسلمين شر الخونه معهم,1.0,not racism,
مابقاش عرس حلاقي الاسواق كلها يلغا بالغاه كلاب الضاله,1.0,Racism,
الله يحرمك الهبل ان شاء الله,1.0,not racism,
والعرب كالعاده حياه لمن تنادي حفنه صهاينه لصوص مجرمون جبناء نكلوا 350 مليون عربي للتذكير كيد الصهاينه ضعيف,1.0,Racism,
انضبي ام نص لسان طعمرك ابشعك,1.0,not racism,
ديما اكتر وحده بتتحمل مسءوليه باللي عم تتعرضلوا البنت انت وحده متنمره ومءذيه وحاجتك تكتبي وتمحي بتعرفي,1.0,Racism,
علماء الامه علماء امريكا عبيدها يحضرون الفتاوي الطلب هءولاء بلاء الامه نجاستها تغسل بالماء,1.0,Racism,
مفتي القتل صهيوني بامتياز امثال القرضاوي مرض عضال جسد الامه,1.0,Racism,
اين حريه التعبير يقول اطردوهم اقول عندما يخرج الصليب الشرق الاوسط نعود الي الوطن العربي,1.0,Racism,
انت مرحبا بلبنان وهاب الصرمايه,1.0,not racism,
السيسي بطل قومي انقذ مصر جهل وغباء وخيانه الاخوان السيسي بيعمل الاتجاهات الخارجيه والداخليه لاعاده مصر لدورها الاقليمي والدولي السيسي بيسعي بمشاريع اقتصاديه وتنمويه كبيره,1.0,not racism,
ناطره ياخدوك عسجن روميه كرمال يقصولك شعراتك المزروعين قرد الجاهليه,1.0,Racism,
لاحول لاقوه الا بالله الله تقبله الشهداء اهل مصر عليكم بالاخوان اخواتهم فهم اساس فساد تخلف الدين بريء منهم الي يوم الدين,1.0,Racism,
صوره المصحف الشريف موجوده سنوات الانترنت اين المصداقيه,1.0,not racism,
سيخسر المعركه الاعراب واسواقهم وبورصاتهم يكفي صاروخ ايراني لتدمير الاقتصاد الاعرابي,1.0,not racism,
هييه تسعوا لناكل طعمه اما الحقيقه ان الاستعمار الغربي والشرقي سيجتمع اي شعب يثور حكامهم وولاتهم المنصبين منهم وسيتعاونون وكما نري بسوريه,1.0,not racism,
فكيف يكون مصلحه الولايات المتحده اسراءيل السعوديه اخر كلمات التقرير توضح التحالف الخفي العلني السعوديه اسراءيل المحافظين الجدد الامريكيين او يسمي بالثالوث الشيطاني,1.0,Racism,
تامر المفسدين وتاجرو باسم سيعرف العالم بانهم عملاء متصهينين,1.0,Racism,
المصيبه ان الشخص بعثي بمذاق اخواني قطري يخرب بيتك عفلق الاشكال الي تركتها,1.0,Racism,
ام نص لسان حماره بلدي,1.0,not racism,
العالم كله يعرف عنوان كبير لاغيره العدوان السعودي فهو اللذي يقصف ويدمر ويمول ويحرض ويكره ويقتل وباعترافه واعلاناته الاعلاميه ومتحدثه الرسمي فاتركوا الهراء والاستغماء,1.0,Racism,
ساعه الجنرال السيسي اوميغا تباع 137 حبه رز مزاد اقيم حي خان الخليلي بينما بلغت نسبه الاقبال المزاد 21 7,1.0,not racism,
رد الليبي جاءر تخاف اسود الدوله الاسلاميه لان قلبك حب الناطو الجاءر نرحب,1.0,not racism,
علاقه ايران اسراءيل وليس الا بروسيا فلتاكل الطحين شعوب العملاء وبما تتغدي يوم بينما اارضهم اغني الارض,1.0,Racism,
كيتا يازنجي ياحمار تفوو,1.0,Racism,
الخارج الامه والدسيس الاسلام علماء السلاطين بتسمياتهم المتعدده هيءه كبار مهرجين الي كباريه الازهر,1.0,not racism,
لاجل خدمه شعوبهم مفلسف وقارن شعوب الدول المتقدمه بشعوب الدول المستعمره كمثلنا,1.0,Racism,
شيت او جاد فاك لايف كول هوا تلحس طيزي,1.0,not racism,
مسكينه المحاميه ودافعوا بيتها القط والكلب دافعوا اولادهم ليله ليه مر بيه اش مشيت راجل متزوج وانتو كدافع العهر,1.0,not racism,
نفهم الجزيره ان المسلمون عملاء امريكا,1.0,Racism,
ومنذ اسابيع قليله الفلسطينيون الاردنيون الدرك الاردني بتعذيب سجناء سجن جو البحرين لون السجناء اسود واصبحت اجسامهم هياكل عظميه واصابهم الجرب,1.0,not racism,
الازدراء تافوز الثور يقول شخصا يفعل مهينا فانت مجنون,1.0,not racism,
انضبي ام نص لسان,1.0,not racism,
غرد الجحش وظن باءنه حصانا تتكلم العوني بموضوعيه فيرد كبهيم حقير جربان اصله,1.0,not racism,4.0
جبران باسيل قال ان لبنان سيلعب دور رءيسا اعاده الاعمار الدول العربيه عندما يخرج راسه زباله بيروت يستطيع,1.0,Racism,
الله يلعن الاديان يلي دمرت البشريه,1.0,not racism,
انت سوري درزي اكيد او علوي او خربطلي اخرس ولاك انت وبشارك معك,1.0,Racism,
ديما الواطيهانت بقعر مجرور للصرف الصحي يصعب عليكي الخروج منو,1.0,not racism,
اللهم استرها الارض الارض يوم العرض المرجو مسحالفيديو وجه وااديها اولادها,1.0,not racism,
اش هاد النماذيج اعود بالله غضب الله هاد جوج علاش متجيهومش كرونا وتهنا الكره الارضيه منهم اوسخ بشر شفتهوم حياتي بقات فيا ديك البنيه مسكينه جبتي لهاد الدنيا شنو دنبها تكون عندها بحالك وانت واش مكيبقاوش فيك خوتك الاب ديالك يشوفوك بهاد الصوره المقرفه حرام والله حرام,1.0,not racism,
الم يصلك خبر الاصلاحيين طالبوا ببعض الحقوق تم اغتصابهم السجون وسلط عليهم اقسي انواع العذاب انك تعيش كوكب اخر,1.0,not racism,
اش هاد الزبل ولينا كنشوفو عادي تفو تفو تفو,1.0,not racism,12711.0
‏واقع قضيتهم انهم بلا قضيه مجرد تجاره وتبني شيء يكسبون خلاله وسلملي سلام الاخوان وتجار الكدس والكضيه والمكاومه والمقاوله ‎ فلسطين قضيه الشرفاء,1.0,not racism,
الحروب يدعي انها تشن باصفهان او بطهران بقم اصبحت الدول العربيه وشعوبها ملك ال فارس فضمها محافظات لامبراطوريه فارس فعلا اوقح واوسخ واحقر الفرس,1.0,Racism,
البيشمركه اكذب خلق الله,1.0,Racism,
تاج راسك واطيه,1.0,not racism,
اللهم اضرب البوذيين بالشيوعيين والشيوعيين بالبوذيين واخرج المسلمين بينهم سالمين,1.0,Racism,
مرتزق ايراني,1.0,Racism,
كفات pro hada,1.0,not racism,12806.0
عليكم اللعنه الي يوم الدين,1.0,not racism,
مسرحيه جاءوا ليقاتلو صنعو جاءوا ليسلمو اسلحتهم ليهاجمو السعوديه لايران,1.0,not racism,
هدا مرض نفسي لدينا ابناء واصبحنا نخاف اللهم الطف يارب هدا الزمان نري العجب,1.0,not racism,
داك المضبب جامع رايو لاخور باين دوده,1.0,Racism,
سالت نفسك لماذا الدول الكافره تحتضن الفتاه وتقدم الماوي وفرص الحياه الكريمه,1.0,not racism,
عندما يتم دعس راس الكلب يبدا النباح فقط,1.0,not racism,
منظر هيدي الهبله تبع التيار سينتيا الخازوق الشب الاشتراكي بيسوا الكره الارضيه,1.0,Racism,
حكم جنرالات عسكر فرنسا بالجزاءر اكبر حليف لنظام الصهاينه بسوريه وصنعتهم فرنسا,1.0,Racism,
انتم يمني ونحن شويه وستنصبح بلد بحكم العملاء الخونه المنصبين للمستعمر بالسعوديه واليمن اصلنا نستفيق ان دول عربيه ضاعت وابيدت,1.0,Racism,
الحاسوب مهمته فقط التجسس مكالمات ورساءل المواطنين السعوديين وتوصيلها الي المخابرات السعوديه اجل كشف اي حركه تهدد النظام السعودي وغير الكلام هراء,1.0,not racism,
ساءق التاكسي يقل ناش زوجته فقد التحكم السياره اصول عربيه مصر العربيه,1.0,not racism,
ستري تصويتهم الاعوج ولن سيقودون الاسد الصهيونيللمحاكم الجنايات الدوليه سيدينونه ولان حاميحدود الصهاينه والثوره ستقوده للمحاكمه ورغم مجلس الامن الاستعماري,1.0,not racism,
عندما يغرد القرد جبران باسيل,1.0,not racism,
فرحانين الاعراب ويعرضون عضلاتهم اليمنيين الفقراء شر البليه يضحك,1.0,Racism,
انت حمار وابن حمار وابن ابن حمار وبدك تبقي حمار انت حمار نديم,1.0,not racism,
وهذي تقدرون الخونه المرتزقه والحمير المستاجره تطلعون تقرير عنها,1.0,Racism,
حاسبي حالك البشر جلجوءه,1.0,not racism,
كلب مسيحي سليمان فرنجيه تابع لتيار مرده لبناني عم يمشطو جماعته منطقه مجليا لعرينيه,1.0,Racism,
ابناء الصهاينه واحفدهم تفو بلاد دتب,1.0,Racism,
انشالله بضلوا بعسنكو اسود الدوله,1.0,Racism,
حكام السعوديه تركيا ايران وسوريا مصر يبعثون اولادهم للقتال يمكنكم ان تفعلو مثلهم ان ترسلو اولادكم ذالك فهو خطاء علكم تعلمون,1.0,Racism,
يبايع امير المءمنين فهو كافر دمه مهدور,1.0,Racism,
الزناديق يقومون بتغطيه ال جنبلاط المرتدين الناكثين لديننا تناصر الباطل فهو سيبقي باطل,1.0,not racism,
حول قوه بالله ستري راسك الله يعطيك ذل نتي داك جحموم ديالك,1.0,not racism,
فشرت ولاك حيوان وهابي كلب ساعتك قريبه يالقيط,1.0,not racism,
اننا نعد الغرب بمسيره طويله تنتهي الا بتدمير اقتصاده جزاء وفاقا تعجرفهم سفاهتهم لمحاولاتهم الخبيثه انقاذ النصيري بشار انيابنا سيكونون ان شاء الله انيابنا,1.0,Racism,
اوك عارفين ان المجتمع العربي زقحتي السوريين برضو زق القضيه الفلسطينيه سوو زي ماسوو العرب معهم مو محور الحديثهو لحالو قال اناقررت اكون بالجانب الخير العالم انت ليش ماتتبرع بربع راتبك لعاءله سوريه ليش ماتستضيف عاءله سوريه ببيتك وتعطيهم الملحق الاقل او تستاجرلهم حي الله شقه بدل التحلطم العرب غجر العرب اغبيا وانت فلوسك كلها تروح لندن ودبي عفكره انت احقر العرب,1.0,not racism,
‏لما اقول انه الرجال وسخين وملاعين ويجي احد يقول لاتعممين التعميم لغه الجهلاء,1.0,not racism,
انتحر بعمر ال ٤٢ وليس ال ٨٧ سهوا متن الخبر,1.0,not racism,
اللهم اشغل الظالمين بالظالمين وخلصنا امريكا وروسيا وبشار اما الحوثين فامرهم سهل الخليج يسحقهم سحق,1.0,not racism,
ارحمك عرص خول تميم قنوات قطر الشاذه امثالها خيانه الشعوب العربيه الاسلاميه الافريقيه اعلاميون شواذهما هعدم الخونه بامري,1.0,Racism,
اكبر متخلف عرفتو الدوله اللبنانيه انت هيك عم تحرق دين العيش المشترك عنصري ولك اني كنت ايد الرءيس,1.0,Racism,
السيسي اللهجه المصريه تعني الحمار الصغير القصير يستخدم الملاهي للاطفال للتجول الملاهي وواضح ان اللهجه المصريه اقرب للحقيقه لهجه غرب افريقيا الاعتذار الواجب للحمير,1.0,Racism,
مستوي نت وهي مرتك تفو,1.0,not racism,
تماما الاب الروحي المافيوسي يقتل رفاق العصابه بلا تردد لخدمه مصالحه الشخصيه الصهيونيه مصيرك بلا شك معروف لديك مفر,1.0,Racism,
متعود تنشر قذارتك فيصل القاسم درزي قذر,1.0,not racism,
اسود غبي,1.0,Racism,
انه اشد الهولوكوست وهي اخره شعوبنا العربيه تتبني حكم العملاء الصهاينه وواجب ان نتحرر منهم جميعا وننتخب حكمنا ورغم الصهاينه كلهم,1.0,not racism,
بلا شرف معترفين انو تابعين ايران انت عترفي انو تابعه لاميركا واسراءيل,1.0,Racism,
تدخل ميزانيات شعوبناالعربيهالمحكومهمن عملاء يافواز,1.0,not racism,
ومتي التزمتم بيثاق شرف مهني الستم تكذبون الف مره اليوم وخاصه حول العدوان البربري اليمن انتم فاقدين للمصداقيه تماما مصداقيه مهنيه,1.0,Racism,
مجلس الريال كذابين ومرتزقه مستقبل وتعز تلفض الخونه وعملاء ال سعود,1.0,Racism,
صرامي اهل الضاحيه تاج راسك,1.0,not racism,
بلغت الضحایا فی منی بید ال سعود الی الاف سانسور الاخبار الی این یا الجزیره انتم شرکاء فی القتال ال سعود,1.0,Racism,
تاج راسك بلا شرف,1.0,not racism,
والبلطجي جبران باسيل المال لمعه حلال ولله حراميا شيخه,1.0,not racism,
شهداء ذنب السيسي اذنابه حطب جهنم,1.0,not racism,
ملء الشلوح رجعوا زوامل مشي خصنا كرونا خصنا شحجا زايدا,1.0,Racism,
اوغلو عصابته يهربون مستقبل تركيا,1.0,not racism,
ضل حدا بعبص بهالبلد كرمال هالجحش يلعن روحك انت وابوك,1.0,not racism,
وصنعتها االموسادوكلما شعروا بسقوط حكام اليهود مصر والامه,1.0,not racism,
طبعا لايجوز لايجوز ايضا للشام ان يقودها ابن ديوس ديوووس الشام وهدهده,1.0,Racism,
توافق وعباس ونباحه يطالبون بعمليه عاصفه غضب ضد غزه كلمه مصالحه جميله واقع تيار يريد التحرير واجلاء الصهاينه كامل فلسطين وتيار سماسره وعبيد ومنسقين امنيين,1.0,Racism,
جبران باسيل متخلف عقليا,1.0,not racism,
لايام جايه راسكن بلارض يكون عملاء ايران,1.0,Racism,
صرمايه عثمان براسك وبراس يلي خلفوك وانت يجب ان تكون السجن منافق وضيع ولن نسكت عنك ان تك,1.0,not racism,
وانت مين حضرتك مدير ميناء مدينه درنه القاءم بالاعمال السفير الليبي تركيا جاي تدلي بتصريحك طريق قسم التعليقات الجزيره اكاد اجزم بانك جماعه الاسد وليس علاقه بليبيا,1.0,Racism,
واءاب وهاب وجريده الاخبار وصرمايه عماد عثمان بتمكم فاسدين منافقين انت ونظام وايرانك اجره عثمان,1.0,Racism,
انتم اسلاميين تنتمون لامه الاسلام انتم صهيونيين اقل اكثر,1.0,Racism,
السيسي وعباس كبار الصهاينه العرب وعملاء اسراءيل,1.0,Racism,
ولي حماره هيدا بدل انو رءيس جمهوريه,1.0,not racism,
اذا عربت خربت اينما حل الاعراب حل الحراب,1.0,Racism,
هاذو اليهود اعداء الاسلام تفو علي هاذو الجراثيم نتاع اخر الزمان هاذو فيروس اقوي كورونا فساد الاءرظ الهم طهر الارظ هاذو الجراثيم,1.0,Racism,
كلي هواءمريضه مين حضرتك توصفي خطاب السيد شو محلك الاعراب,1.0,not racism,
ويفوز جواز السفر السوري بجاءزه اخري جواز سفر بالعالم واشقاءه العراقي والباكستاني والافغانستاني هللويا الله اكبر,1.0,not racism,
عوي كلب السعوديه دايسين راسك وراسك معلمينك ولاك خنزير,1.0,Racism,
القلاقل والمذابح قامت ايران وحلفاءها المعتقد الصفوي بتنفيذها لبنان ذبح الفلسطينيين ايدي حركه امل والعراق حرب الخميني وبقيه بلاد المسلمين بدات تعود عليهم بالوبال,1.0,not racism,
عندما تقدموا بسرعه الموصل يكن طيران يعيق تحركهم المختصل المفيد الرد العبيد,1.0,Racism,
الكلب المتلك بيحب يحس حالو ضيع للاسف انت كلب بشار وحسن حارس رقم,1.0,Racism,
روق خروق اجرم القوات خلق الله ومرجوعكن لصرمايتنا ولاك خنزير الله يلعنكم كلاب السعوديه,1.0,Racism,
وين دول الخليج الجربانه متخمه بالاموال تسسقبل اللاجءين الا الفلوس للسلاح القتل الله البصق ملوك امراء دول الخليج حرام لانه البصقه ممكن تتنجس منهم حول قوه الا بالله,1.0,Racism,
والله كنعرفك بنت داركم مايلوحك انت عرفك بغيت خربي عاءله باش تبني عاءلتك كنت العروبيه ديال سيدي حجاج اشداك لشي محامي معاريف طوموبيلات,1.0,Racism,
خساره سفينه البابا نوال كانت تحمل هدايا لاطفال غزه ففجرها وحوش ولايه سيناء اشرار,1.0,not racism,12709.0
هول تاج راسك وسخه,1.0,not racism,
والله اغبي ناس الارض لبناني يقول نكايه بالطهاره شخاخ,1.0,Racism,
نصف الشعوب العربيه تذبح يد ايران وبشارالاسد النصيري الميلشيات الشيعيه العراقيه واللبنانيه يقودها حسن زميره والروسي الحروب الصليبيه والنصف الاخر تكمل اسراءيل,1.0,not racism,
الفلسطينيين يعلمون اليقين ان دويله قطير تتامر ليل نهار عليهم يبني المستوطنات وتدعم الفرقه الفلسطينيين وهي تحاول الصاق التهم الغير فليحذر الفلسطينييون مءمرات الدويله الخبيثه وليتركو شتم وسب يدعمهم ويدعم قضيتهم,1.0,Racism,
يسعون لتشويه الحوثيين ليتم استباحتهم السنه والحوثيون ابناء الثوره وليس ابناءايران اليهوذيه,1.0,Racism,
السيسي دا شرموط مبيفهمش السياسه,1.0,not racism,
الله يدرون وين الله قاطهم خونه منافقين,1.0,not racism,
خرجه الله يقيمه سرماي كثيره اخص الغرب,1.0,not racism,
اكيد الجواب اسالكم موجود اروقه الخنزيره لانكم الاقرب الاسراءليين اي احد العالم ارجوا عدم الاستعباط,1.0,Racism,
اتفقا دب الابيض اخيه الادب الاسود معهما العبيد فيا الشرق والغرب علي اعا ده بشار,1.0,Racism,
يبدو ان خنازير الروس يستوعبوا درس جند الله افغانستان فها يعيدون الكره وسيخزيهم الله جديد القادر,1.0,Racism,
ههههههههههههه الله يلعن ابوك عهالخلفه العمي اسالك واجلطك وكمخ وزنخ وسميك ومقرف تجيك جلطه بنص لسان,1.0,not racism,
يحصل منهم تراخيص العمل بمصر فكيف يكونوا صحافيين هولاء جواسيس اعترفوا الاعتراف سيد الادله نقول للجزيره فات الميعاد تحيا مصر السيسي رءيس مصر,1.0,Racism,
اقسم بالله انتي قدامي بالمجان اسويلك شي زنجيه جاتك القرف سودا,1.0,Racism,
انت يلي فرقنا بريحه طيبه حشره حدا سالان معبرك,1.0,not racism,
نهايه السيسي الخاءن كنهايه قوم لوط يتناهي منكر فعله لبءس يفعل وان شاء الله المصير معتوه مصر الجديد,1.0,Racism,
فرق ولد يهودي مات جريمه ومشفي انقصف ومات زلمه جريمه حرب فرق تعفيش عفرين اكل خري وبراميل متفجره وكيماوي جراءم حرب ضد الانسانيه,1.0,Racism,
‏‎‎لا ال سعود وال زايد والوهابيه والصهاينه كلاب امريكا تستعجل قمه الرياض واضحه وشوف منو كلب امريكا,1.0,Racism,
اذا اردت ان تشتم انسان فتقول حمار اما اذا دت ان تشتم حمار فما الا ان تقول انت وءام وهاب,1.0,not racism,
حسنا دعني اقولها مره اخري تعال رفاق مجرد قطعه الهراء وهذا يعني انه يجب تعترف بان الاعبين لعبه يعزفون الاتهم بطء عمل الزنجي ينبغي اسمي يعزفون الموسيقي مجرد مجموعه المنبهات وامين الصندوق لكنك تعرف شيء طنان عنهم كلماتهم اغانيهم مجرد شعر سريالي يتم غناءه ضجيج البوب ويبدا الجميع تسميتهم بالعبقريه والحقيقه اغانيهم معني خذ الالبوم الحاءط سبيل المثال تاكد انه يحكي قصه المعني الاخلاقي ومعني القصه تخبرني الغرض اغانيهم جعلك تفكر بالطريقه الوحيده تجعل الموسيقي بطيءه الون الوردي يمكن يجعلك تداعب اعتقد انه كنت رجمت بالحجاره تماما ربما تكون راكبات ومره اخيره بينك فلويد العنه مص يجب تذوق مءخرتي يجب,1.0,Racism,
فلما تذهبون انتم وقاده حماس لتطعنون جنود الاحتلال الاسراءيليون,1.0,not racism,
لعنه الله روحو الطاهره ناصعه البياض,1.0,not racism,
المخلوقه بتناقشك بكل احترام انت قاعد تولول متل العجيان بدك تتبلك حقك بلوك يخلع رقبتك,1.0,not racism,
ينتظر المنطقه رسم الاستعمار الروسي امريكي خريطتها شيعيه يحسبون انهم يظحكون معهم وتحت حكم عملاء المستعمرين لتلك المهمه,1.0,not racism,
كانت الجزيره انسحبت السعوديه السفير وقطعت العلاقات طفل اسراءيل المدلل لغيره,1.0,not racism,
استحي صعلوك قليل شرف انصحك تتعلم اللغه العربيه وتترك العبريه لتحسن فهمك غبي,1.0,Racism,
سعنا القول اننا نحارب ضد العروبه الملعونه وفي النهايه تعودنا الاسوا وهناك ينتهي المطاف بالادعاء وحتي يتعجب حالته المزريه ضربه كبيره ماشالا ولديك المنافقين الكبار المهووسين الزاءفين معظمهم قابيل منعوا انفسهم تعليم اطفالهم باللغه العربيه الجنرالات المسءولين البلد الفيشو تعال لديك الاخلاق لتقول ou توقف صغير الخاص الدعايه العربيه زالت لغه جميله الجيد معرفه اللغات رد فعلك عنصريه اللغه العربيه مسءوله شيء وانا انجح والافضل انه بشكل ملموس عمل عنصري ضد اللغه العربيه يزال الحمقي والجنرالات والوزراء وكل الحمقي يسنون قوانين التعريب ويعفو عنهم ابناءهم ابتداء اويحيي يتجمعون السجن ويحسن الامر بمجرد انهي مهمته التعاونيه السيلاتيكيه اسمي ينا نعرفه pov con سيقول ساركوزي حسنا اوقع واصر اللغه العربيه خطر مثبت يتم التحقق ازعاجه انحاء العالم اعرف دوله عربيه واحده لغه عربيه جيد مكان كارثه لان اللغه مجرد لغه المطلق انها تنقل ثقافه قيم الخارج ثقافه العالم العربي قيمه بلا جدال ودليل يدعم مقابل القيم العالميه للتقدم والحريه والتسامح والمساواه وغيرها فقط تابع اخبار العالم قالها عربي مسلم شتاته ومشاكل التكيف الالفيه الثالثه,1.0,Racism,
الله ينتقم الامريكي اللعين قدر الله ان يظرب مسءولي الامريكان بالحذاء,1.0,Racism,
الغريب الامر ان قطر اكبر عميله لامريكا واسراءيل المنطقه ويوجد اكبر قاعدتين عسكرتين المنطقه لامريكا وقناه الجزيره العميله تدعي الوطنيه والشرف الا تخجلون يصدقون الجزيره الا تعقلون,1.0,Racism,
يستاهلون العبيد اللي رضوا ان يكون رءيس السيسي كالحرباء يتقلب مصالحه,1.0,Racism,
كفايه تنمر بقي زنجي يابن الوسخه,1.0,Racism,
ايراني الاصل عتب اتريدون شاكلته تقبيل راس اسماعيل هنيه مثلا,1.0,Racism,
مهو الشراميط تتناك وتجبلنا بنات متناكين زيك يوجعوا دماغنا كسمين ال ملقكيش كسمك,1.0,not racism,
هنيءا لحكام السعوديه بشعبهم الجبان المخدوع انصحكم تابعوا غانم الدوسري اليس,1.0,Racism,
اللهم انصر الحوثيين الشيعه والرءيس المخلوع ال سعود الصهاينه الحقيقه كلهم مجرمين ال سعود اشد كفرا ونفاقا الجميع,1.0,Racism,
قتل امرا غابه جريمه تغتفر وقتل شعب كامل مساله نظر,1.0,not racism,
فخار يكسر بعضو,1.0,not racism,12789.0
انتم قناه هدفهاا الاول تشويه سمعه المملكه العربيه السعوديه ولن تستطيعون الاخوان المسلمين ايران ونحن بالمرصاد ايها الحثاله والمملكه ثابته ضد الهجمات الاعلاميه الفاشله الي تشنها قطر الجزيره,1.0,not racism,
عادي المشكله يقتحموه يهجروا الفلسطينين براحتهم يكون مفكرين العرب سيرمون اسراءيل يوما بزبيبه العرب فقط قادرين عاصفه جزم العرب,1.0,not racism,
ام نص لسان,1.0,not racism,
رجل عنجد مافي اكتر هيك شخص بحب بهدله انت اد اجرو شيخ سعد روح جيب حفاضات هجيز وتحفض ونام احسن شي,1.0,not racism,
كذاب ومنافق الريال القطري القذر وصل لحسابك,1.0,Racism,
الاعراب اشد كفرا ونفاقا الله يمن الايمان والحكمه,1.0,Racism,
لابد معاقبتها باي شكل رباها لانها اهانت مصر كلها السيسي يمثل نفسه السيسي رءيس مصر,1.0,not racism,
الفلسطينيين واللبنانين والشاميين لكان انتو لليوم تشربوا بول البعير تاكلون بصحن وتبزقون منو,1.0,Racism,
ينفع يكون احد ابطال المناصحه السعوديه او عضو هيءه كبار العملاء والافضل ان يعين مفتي للصحوات والحشد الشعبي العراق,1.0,Racism,
ربي العالمين كبير وسوفه تندموت جميعكم ولن نسامحكم خزلاننا الدول المنكوبه والمفجوعه والمشرده اين اتنم سوريا الجريحه او الرهينغيا او العراق او فلسطين والقدسها الشريف اين انتم اليمن والاهلها اين انتم يامخنثون حقوق العرب اما القطري عديم الشرف تكون ايران شريفه وهي دمرت وقتلت وابادات الشعب العراقي والسوري تكون شريفه وهي مجرمه وقاتله تشارك قتل السوريين واليمنيين والعراقيين ولبنانيين وكل يقول انه سني حسبي الله ونعم الوكيل عليكن وعلي اجتماعكن انتم بلا شرف او كرامه او نخوه انتم بلا اخلاق,1.0,Racism,
ال سعود الانجاس اذلاء حقراء ترامب يظهرون انفسهم اقوياء افقر الشعوب,1.0,Racism,
للمره الالف زنجي بقول ليك الملابس الداخليه ركز اسمها داخليه بخارجيه شال,1.0,Racism,
معرت علاش كنحس بهادشي متخلف او بحال باغي اعجبني بزز,1.0,Racism,
امثال الخونه والمرتزقه يستحقون العيش بيننا فليذهب وامثاله الجحيم,1.0,not racism,
السيسي غباء مبارك اشد دمويه مبارك القذافي مرسي ياتي بمثل الشخص السيسي وزير دفاع مءهل,1.0,not racism,
تاكل زق تنطم صالونه,1.0,not racism,311.0
العرب تموت بسكته قلبيه وانت تزني فانت شهيد يااخي مسخره وكل الجنود الامارات هندوس وسيخ والتعتيم الاعلامي لقتلي السعوديه بالعشرات,1.0,Racism,
هذول يهود جيبو سيرتهم سبو عليهم يلا اتحفونا انها ثوره النصر الشعب,1.0,not racism,
نيعو ولك لبناني كلب,1.0,Racism,
وطلبه اللجوء السياسي فرنسا والمانيا ولم يطلبه السعوديه لانه يعلم ان الكافر ارحم المنافق وخاصه اذا المنافق الاعراب,1.0,Racism,
الحكام العرب احقر الدنيا وابشع بني البشر,1.0,Racism,
خلي حكام العرب تشوف فعلا اسال ساقط ساقط يقولك زلمه,1.0,not racism,
ليش تيوس الامارت والسعوديه السوريين واليمنيين شو خليك بصليبك تلحس بعضك,1.0,Racism,
اساسا انتم تدرون ان سلاطين اراضيكم الجاهليه ماضغطونا اظن والله اعلم ان كلمه ساضغط مشتقه ضغط الجزيره مرتفع وظهرت بسببه الكلمه,1.0,not racism,
ثقافه الاعراب اذا عربت خربت,1.0,Racism,
داك الحول مريض تفو بنادم كيفاش داير هاد الوجوه معمرني شفتهوم الزنقه اللهم المشرملين او هادوا,1.0,Racism,
السيسي رءيس السيس فقط بن الليل,1.0,not racism,
فديو جديد لقزم جبران باسيل يصف نبيه بري بلبرعوت وبدو يكسرو راسو,1.0,not racism,
مال هادي كتسحاب راسها مريكانيه كيبين رباوها واليديها,1.0,Racism,
ام نص لسان ابكي بترتاحي,1.0,not racism,
يبدو ان الحوثيين بصدد الانتقام لضلم دام 40 سنه مس الشعوب الخليج الي الاطلسي,1.0,not racism,
واضح انو فتنجي هيدا صهيوني قواتجي والاثنين,1.0,Racism,
اسود منك كلامك وقلبك وشكلك شفت تحكي القتل صاحب الوجه البشع وبشارك قتل الملايين الشعب,1.0,Racism,
فيينكم العيالات القادات معاكم فاطمه الزهراء شكون فيكم لاله ومولاتي تقدر تعاون راسها راجلها وولياداتها الزمانفي ظل هاد الازمه ديال كورونا حبستي الخدمه ملقيتيش مدخول اجي اختي سواء كنتي طالبه او ربه بيت او موظفه وبغيتي تزيدي المدخول متقدريش تخرجي نقول ليك كفاش دارك وسط وليداتك تقدري يالاه اختي اش كتسناي كليكي ودخلي تفهمي الخدمه استعملي الرابط للانضمام مجموعتي واتساب,1.0,not racism,
انت وان كنت عمامه ترتدي فما انت الا لزعيمك السياسي تعبدي فما انت الا حقير يطعمه الزعيم الفاسدي,1.0,not racism,
العملاء الصهاينه حاربوا الدوله العثمانيه وادخلوا االيهود,1.0,Racism,
القرف الصغير معك باكيس جميعا ملتصقا بعضه البعض,1.0,not racism,
والله السعوديه تخزن تتشبت بالقشه خوفا الغرق وعندما تغرق تكون اهميه وبالتالي يسال عنها احد,1.0,not racism,
يعني تقصد كالامارات دوله بلا دين واغلبيه سكانها مقيمين‏ ‏‏ لهذا البوذي الوثني السيخي البقري والمسلم يعيشون,1.0,Racism,
الارهاب يغتصب الستات المدرعات وبعدها تجد اذرع السيسي تهلل وتبارك الارهاب ماحدث الانتاج الاعلامي للسيسي يكن عمل مخبراتي فهو دفاع النفس,1.0,not racism,
الاخ اليمني دمك رخيص يسفك فداء لدوله رخيصه اشك انك يمني حر,1.0,Racism,
رءساء العرب جاريات لامريكا اسراءيل,1.0,Racism,
سيشرعكم حكم المسلمين عملاء فرنسا والانجليز ولانه توجد شعوب,1.0,not racism,
كلمتين تعقيبا جمله حرب اهليه وانا اخاطب اخوتي المسلمين فقط اما المرتدين وكفارعربان والصحوات والعلمانيه ووو قول اللفظ الصحيح حرب,1.0,Racism,
تفكيرك غبي متلك بتقلولي نحنا جماعه حزب الله فيا غبيه قصدي انتي ولي متلك عندن شغله يراقبو شو بيعمل الشيخ سعد والهيقه الخرزه الزرقا عامليتلك عقده انتي ولي متلك وان شاء الله تفهمي شو بقصد تقولي قصده جماعه,1.0,not racism,601.0
انت حمار ياض,1.0,not racism,
حمايه الامن القومي العربي يحلل لسيسي قتل المتضاهرين رابعه والنهضه وغيرها ويحلل للسعوديه قتل اطفال ونساء سوريا والعراق حلال بفتوي علماء الازهر وعلماء ال سعود تريدون ان نصدقكم,1.0,Racism,
يبدو ان الكاتب مختل عقليا الدوله انتاج ظلم الحكام العرب الخونه والغرب واستغلال ايران,1.0,Racism,
صحيح نعال انتم يولي عليكم دحلان الزفت الي عزمي قذاره,1.0,not racism,
كول هوا صرمايه السيد تاج راسك وراس رءساء العرب الانذال المتخاذلين ولك السيد انت كنت,1.0,Racism,
يادي النيله حد يرد علي الخنزيره,1.0,not racism,
مايقتلني الدول الميكروسكوبيه وينك صدام الخليج كله محافظات واليوم يتحفظون الدولارات باقيه وتتمدد الفلوس تجيب العروس عجيب امور غريب قضيه اين المطبلون والمهلهلون,1.0,Racism,
معتوه يحاول استثمار العنصريه اجل الفوز الشخص اجر قطعه ارض منهاتن نيورك للقذافي زيارته لتلك المدينه اجل نصب خيمته واليوم يتنكر للعرب والمسلمين,1.0,Racism,
كلب اسود مختلف,1.0,Racism,
حرام كانوا يتنمروا عليها لانها طويله وهبيله وبتقولها بكل تاثر وانفعاليه,1.0,Racism,
وليد بيك انت الجزمه ونحنا جريك شعارات الحزن التقدمي,1.0,not racism,
الحقيره تروج للعنصريه والكذب هالمجنسين الحثاله واين ال الكرام بلدكم استعمر الاتراك وتميم الخانع المنبطح لاردغان وعزمي بشاره خايف,1.0,Racism,
انت تدعو للاشمءزاز,1.0,not racism,
هبله انتي شو,1.0,not racism,
اعلان الاتفاق وكان رءيس وزراء السويد السابق يدعك جراح اسراءيل والسعوديه بالملح يروج لمنح ايران جاءزه نوبل للسلام,1.0,not racism,
هييه تروا الا الحوثين حكام اليهود,1.0,Racism,
بدي اشوف وين وح تصفي شيخ النور انت وكراكيعك اذا طلعت روسيا سوريا عليم الله اهل درعا يحتلو الشام ويربطوك انت ونورياتك بجبل قاسيون,1.0,Racism,
عاهره ال سعود,1.0,Racism,
علي اساس مايسمه المنطقه العربيه لايوجد سكان اصليين واقلييات حتي تفرض عليهم اللغه العربيه جبرا وقصرا الاكراد والارامييين والامازيغ والتبو والنوبيين الولوف والهوسا والارمن والتركمان الخ حقوقهم اللغويه والثقافيه ولعنصريتكم حسبنا الله ونعم الوكيل اليه المشتكي واليه المصير,1.0,Racism,
تاج راسك شرشوحه,1.0,not racism,
عندما تجتمع كلاب الاثر وعناصر الشبيحه فستكون الفوضي والفلتان الامني يخدم الصهاينه,1.0,Racism,
الاسلاميون او المتاسلمون عملاء اليهوذ ادخلوااليهوذ وحكامهم للارض الاسلاميه تنشره الجزيره وهذا رايي اتزعزع عنه قيد انمله يقدر يقلعه فمي فليات,1.0,not racism,
طاءفي روح اسال اهل قانا وهني بخبروك,1.0,Racism,
البشر بكره الفلاحين,1.0,Racism,
اكبر شعب كيتفرج فافلام البورنو المغرب هههههههه,1.0,not racism,
ديما الواطيه شو متعاطيه اليوم بول البعير تقديمه ال سعود معلمينك ليش انت لبنانيه اكيد بلدك مين بيعطيك فلوس اكتر,1.0,Racism,
‏‎فلتتحمل اوروبا وزر قوانينها تشجع حريه المثليه والشذوذ الجنسي المهم تصدر المرض المجتمعات العربيه والاسلاميه,1.0,not racism,
لالالا فقط كلاب التيار العوني وخنازير سعدان زغرتا الكلبه الافرنجيه,1.0,Racism,
انتم عندكم انتخابات فالمغرب الاحسن تسكت,1.0,not racism,
ياجزيره العنوان غلط امريكا طرف الحرب العنوان كانها محايده ال سعود لديهم المقدره للقيام بالحرب الدعم الامريكي,1.0,Racism,
فاره حزرتي دولتنا الشريفه لازم تبلش تسحب العملاء العشاكلتك,1.0,not racism,
الحصاد الطاءفي اخر محاولاتهم العبث بالخلق والمخلوقات وولي الي رجعه ظل الفناء للظلم والطغيان وافول الكون عده علامات ظواهره,1.0,Racism,
كالعاده الكويت لايطبق القانون الا حق اهل السنه لابسط زله واما الشيعه فيخالفوا وينتهكوا ويضربوا القوانين عرض الحاءط ولامن سامع او مطبق للقانون يبدو ان الشيعه اصحاب القرار الكويت,1.0,not racism,
انت بتغرد انت بتشنهق,1.0,not racism,
لماذا احد يعلق اين عربان الجزيره,1.0,Racism,
القزم جبران باسيل طلع فانز يدافعون عنه,1.0,Racism,
العرب يتقنون التخريب العرب جرب,1.0,Racism,
اما يكن عميل لاعتقلوه تسمي جنوب افريقيا اي استعمار الانجليزوامريكا خايف يتوجون الاسدالصهيوني والسيسي بتاج,1.0,Racism,
انت شخص تافه لدرجه واطيه جدا بحطك علي مستوا صرصور قطوش,1.0,not racism,
بوق سوريا انت وصرمايتي,1.0,not racism,
حقيقه السعوديه وامريكا واوروبا الغربيه سبب التدهور لاضعاف الروس والسبب الروس للقرم,1.0,not racism,
انتم تصدرون بترول العرب وامواله لليهوذ وتتكلم وتنتقذ تركيا اما اليهوذي يدعي المقاومه يحير,1.0,Racism,
جبران باسيل مسخره,1.0,not racism,
عندما يسقط النظام الهاشمي تسقط دويله اسراءيل,1.0,Racism,
انت بوق ايراني مجوسي رخيص سعرك كلفول السوداني,1.0,Racism,
يومكم جاي روافض قرامطه السنه والشيعه كلكم العمله كفار فرق بينكم وسياتي يوم ينتقم الاسلام اله اكير,1.0,Racism,
كلاب حركه امل فلتانين السوريين,1.0,Racism,
خونه وعملاءوموتيبغيظك وعملاء السعوديه,1.0,Racism,
ضربه السيسي,1.0,not racism,
كاس العالم كبير الجحش,1.0,not racism,
نص اللبنانيي رايي انت رمز الغبا ههههههه,1.0,Racism,
تقولون حرب الاف المدنیین الابریاء قتلوا بایدی المملكه العربيه السعوديه حلفاءه الدواعش النصره انتم سکتتم سندتم,1.0,not racism,
كانت تجمعهما علاقه جنسيه علاقه زنا علاقه تقحبين بماله وهي بجسدها اتدرون معني الزوج اها الفسق الزواج يكون بعقد نكاح او بشهود العاءلتين اين اهله نسنيه جواز الفاتحه او الزواج العرفي,1.0,not racism,13230.0
شوف هاد شلح تفو فين توصل لمره الحامض,1.0,Racism,
فلسطين البقره الحلوب المحتالين المخبرين اروبا يستخذمونها لجمع الاموال التبرعات ايران وحدها يستفيذ,1.0,Racism,
انو غريب يوجعك راسك القواتجيه عاده بيكونو بلا راس,1.0,Racism,
سابقه جلبت العار تحدث بالتاريخ العربي الحديث القديم التاريخ ان يشاهد الناس حاكم عربي يظهر عاريا ولد موزه ولانعلم سنمحي الحادثه تاريخ العرب سطرو الامجاد لانلوم مصر وهذا موقف عربي حر ان يمانع وجود,1.0,not racism,
رجعت الكلاب الي الجزيره وبدءت تنبح ونتهش ومتي تبدءين التحضير واعلمي ان الشعب اكبر ماتفكرون بني صهيون,1.0,Racism,
التقرير اعلاه يحتاج تعليق مني تجاوزات وانتهاكات يندي الجبين واترك المجال لاخوتي الكرد الاحرار وليس العبيد ليقيموا ويردوا ويعلقوا اعلاه فهل فاعلون,1.0,not racism,
اتي الروس الي الشام لقتال جبهه النصره والشعب السوري والمسلمين اسم حرب مقدسه اين المسلمين روسيا ليردوا عليهم يليق,1.0,not racism,
لالالالالا لابد ازاحه مرسي ونفوض توت خامون السيسي عملت فينا ايه يامرسي حراءق وانفجارات وووووو,1.0,not racism,
رحمه الله قتله اسيادك البوق الكبير,1.0,not racism,
كلاب لبنان احقر اليهود لاشرف ولامرءه ولادين استبقلكم الشعب السوري يوم كنتم كلاب لاجءه هاءمه عرسال ورديتم الجميل بالرصاص عبيد المجوس والترك,1.0,Racism,
وبيسالوني ليه بكره السعوديه مجرمين,1.0,Racism,
ينفعه التكريم ان مقعده جهنم,1.0,not racism,12752.0
باعوا تبقي دينهم شرفهم الي ال سعود,1.0,not racism,
اين تنسيق الخاءن عباس الامني المقدس,1.0,not racism,
روسيا وامريكا تدعم اللواء حفتر السعوديه العظمي موقفها واضح ومعلن والمزهريه يلطم محميه شرق سلوي,1.0,not racism,
السعوديه تلعب مءخره الخنزيره جهزنا لبوس جيد لمنع الحرقان,1.0,Racism,
كول هوا وعمال بلوك هاي الحركات بتمرق علينا اذا انت غبي بدك تستغبي العالم,1.0,not racism,
بوتن اليهودي وتاكدوا بكتابه بوتن وامه الليهوديه يكشف علاقته الحميمه اليهود وعلاقته الغربان السود واولياء الدجال سيخرج اصفهان ملالي ايران اسياد نصرالات وبشار,1.0,Racism,
السعوديه اطهر ارض واحقر شعب,1.0,Racism,
دوله قولتك لازم انت حيوان بالحبس وعم تتدعوس يوم بالصرامي يلعن ابو خلفك,1.0,not racism,
هييه ارادوا اعتقاله لاعتقلوه فهو ارض وحكم الغرب جنوب افريقيا اكثرها سود,1.0,Racism,
زنجي حقير يحسب نظام العصابات ينطبق شيء,1.0,Racism,
الفيلم ايراني فلن يصدر عنه اساءه للنبي الكريم واصحابه واهل بيته الطاهرين بدون استثناء امهات المءمنين الطاهرات العفيفات,1.0,not racism,
برغوت قواتجي,1.0,Racism,
النفاق المسيحي لماذا يتعامل المسيحيون بازدواجيه عندما يتم انتقاد المسيحيه عكس انتقاد الاسلام,1.0,Racism,
شو بيعملوا السوريين اوروبا والمخيمات جايين رقص وشيشه وطلب لجوء انا اتكلم الشباب لماذا تذهبوا تدافعون عرضكم وارضكم جبناء لماذا تتركون ارضكم للمجوس الرحمه الشهداء والعزه والقوه للرجال يدافعون بلادهم,1.0,not racism,
الدوله الفارسيه العجميه الشيعيه تريد خير لكل العرب وبدون اتثناء وهذا يعلمه العرب جيدا ومع تراهم يقومون علاقات دوبلوماسيه سياسيه تجاريه معها,1.0,not racism,
كذب وسلينا انت بتكذب بتبعق,1.0,not racism,
وحده واطيه بلا شرف,1.0,not racism,
ويل لقاضي الارض قاضي السماء شعب مصر سيقبل ويصمت يحكمه عصابه مجرمه تابي تكون محط سخريه واشمءزاز عقل الشعب يستحق مايعده عملاء الصهاينه اذلال,1.0,Racism,
انت الاخبار المجرور,1.0,not racism,
انه استباحه لايران بروسيا لدول عربيه حكم عملاء المستعمرين,1.0,not racism,
اغلب الناس تتحدث السيسي وتتناسي السيسي الا دميه يحركها النظام السعودي النظام السعودي الا الحبل يحرك الدميه والحبل تحركه امريكا,1.0,Racism,
انت حمار عبد الله بتستحمر,1.0,not racism,
ابن لحارم حارق قلبك جوا وحياه الله انك منحط لح تموت حرقت قلبك العقاب لوهاب وهاب قاتل ابو دياب,1.0,not racism,
الامارات مصر لكنا اليوم بالشرق الاوسط نمجد بمكتب الارشاد الاخواني ونطبل ونضع صور سليم الاول ولولا السعوديه ووقوفها بوجه ايران لكان حالنا مجرد شعوب درجه سابعه تابعين للفرس لذلك يكره المثلث العربي بقياده المحمدين والسيسي مجرد حذاء مستخدم اعجميا وحزبيا,1.0,Racism,
اللهم احصهم عددا واقتلهم بددا ولاتغادر منهم احدا اللهم اضرب الكافرين بالكافرين واخرجنا ايديهم سالمين اننا لنفرح يموت سعودي او حوثي فكلاهم اخوه بالعقيده والدين والاجرام,1.0,Racism,
تربت يداكم حوثيين اذيقوا ال سعود الاستخراء الويلات ال الاستخراء يموتون بغيظهم الاوقات استمروا ابدءوا باسترجاع نجر ان جيزان انشءوا حاجزا فاصلا عمق اراضي الاستخراء,1.0,Racism,
الله يلعن الاخوان المسلمين بلي بذرهم للمره الالف التوالي اناشد رءيس كوريا الشماليه المحترم كيم,1.0,Racism,
يستاهلون الموت الصهاينه,1.0,Racism,
سياسه امريكا عصور حكامها السابقين كانو ياكلون طاوله وهذا عنده مايخفيه يقولها علانيتا انه وشعبه لايحبون العرق الابيض البريطاني الاصل يحبون باقي الشعوب وترامب يءمن بشيء انه فاءده العرب سوا اموالهم وقالها صريح واعجبني قوله اللهم صلطه اهل الخليج كافه بدون استثناء الانهم بغو الارض واكثرو الفساد واستعبدو الناس فامثلا السعوديه تستعبد ابناء شعبها الشومريه تعطيهم جوزات سفر ولايحق الزواج الناس وتقصيهم حقوقهم المدنيه الكويت نصفها شواد عمان وكذالك والله الفساد الموجود بالخليج الغرب مثله يحبون اخوانهم العرب وخير دليل يساعدون الشعوب العربيه ويكنزون اموالهم البنوك الاجنبيه الا لعنت الظالمين الدين يسعون الارض فسادا,1.0,Racism,
عصام درماس اكبر نفاق الحكومه السودانيه العرب مستعبدنهم يقدسون العربي مش اجل الانسانيه الدليل شعبهم الاصول الافريقيه مهجرنه وطنه تبا والعروبه اعجبني · المزيد ·,1.0,Racism,
وانت شو تعتبر حالك وانت موالي لهذا الحرباء جن بلاط ههههه,1.0,Racism,
يلعن روحهم كلهم الاسبوع الجاي ان شاء الله,1.0,not racism,
يخرج ال سعود المدعمين للدكتاتوريه البلدان العربيه باموال فقراء حزيره العرب يخرجو سالمين وسترون المستقبل,1.0,Racism,
الم يكن اجدر بالكاتب السعودي ان يهتم بحال اشباه العبيد البشر السعوديه,1.0,Racism,
شكرا قطر اهلا سهلا باميرها الشيخ تميم بن حمد ال حفظه الله رغم انفك التافه انت,1.0,not racism,
تحاولون ولن تستطيعو ياجرابيع ال,1.0,Racism,
سود الله وجه الحكم ووجه اسود ياخي اكره السود مدريد اشبيليه,1.0,Racism,
عميل ايراني بامتياز تصدقون يقول فهو ثعلب يستعمل التقيه الشيعيه,1.0,Racism,
اقسم بالله مسخره الصهاينه يوم يزيدو عدد الاقتحامات للاقصي تقسيمه مكانيا قسموه زمانيا وبدل يشجعو الشباب بالرباط جالسين يعتقلو فيهم ويعذبوهم وبيشغلو العالم هاد الامور حسبنا الله ونعم الوكيل بطلنا نعرف مين الصهاينه فعلا,1.0,Racism,
الا ربي كيستر علاش حنا منستروش تفو شعب,1.0,not racism,
تصر اسراءيل يكون رحيل السيسي فقط القبر,1.0,not racism,
بتحبي تجيبي المسبات لحالك عيب الشوم بتوصالي لكعب نعله للرءيس عون ام نص لسان انضبي,1.0,not racism,
وماذا القصف والعصف الافق امام السعوديه ارتكاب المجازر بحق المدنيين وازعاج المسلحين وتشريد مواطنيها الجنوب,1.0,not racism,
كسم السيسي قلبي,1.0,not racism,
كيانك نتيجه استفتاء فقط لتبارك للاسبانيا فتحها العظيم عندما دخلت يومين لجزيره ليلي تخون المغاربه ضحوا للدفاع عنكم,1.0,not racism,
اعوذ بالله يمكن اليونايين النور الالمان بيعملوها ابدا اعوذ بالله,1.0,not racism,
كول هوا وكفنا شرك احسن منفرجيك بشروط مين منمشي لبنان وعملا اسراءيل لمتلك,1.0,Racism,
ءوبه كلاب خربوها وقعدوا تلتها,1.0,not racism,
اجانب كلاب وضيعين مايتكلمون الا تاج راسهم السعوديه,1.0,Racism,
نساو لحرام لحلال الشوهه فين الخصر ديال الراقصه تفوووووو قلبيها شيخه حسن ليك ديك لكرش تعاونك,1.0,not racism,12809.0
السبب الرءيسي الحكام العرب الخونه,1.0,not racism,
الشهداء تاج راسك وتاج راس معلمك الحرامي صوتك كتير رخيص,1.0,not racism,
لاهدنه انسانيه ياصهر ايران الوفي,1.0,Racism,
جبران باسيل اكثر الساسه نفاقا,1.0,not racism,
بكرا الدوله الاسلاميه تسحق عملاء السعوديه جيش الزعران وكتاءب اللصوص يالله يادوله الاسلام مزقي اشلاء الخونه,1.0,Racism,
اعلا شي وصلت فيصل ان تكون لاجء درزي قذر قطر انت,1.0,Racism,
عهدالعلوج عهدفاشل استغفر الله امثالكم,1.0,Racism,
مممممم طريقتك جديده شقا حنا اختي غي كنحلمو وكتجمع راسها وكاين لكشقا بتلكمومند وكاين لبلبلتود مممممم طريقتك دخيله عليا ممممم,1.0,not racism,
انتي اعلاميه شو الاسلوب الواطي والسخيف متلك تافهه محششه,1.0,not racism,
كلاب ام جيبو سيرت فلسطين انتم الصهاينه عملاء,1.0,Racism,
وحده بهيمه بلا فهم,1.0,not racism,
والتغير مستجد ومتغير نفهم النفاق بلغه ءال سعود معهم يستضفون مجرم امثال بن علي وشفيق,1.0,Racism,
الصواريخ وماصار عنا شي اعرف ياحمار الله معنا انتو مين معكن كلاب السعوديه سلمان لبغل باع شرفوا انصحك بدراسه التاريخ,1.0,Racism,
سكان الربف بالمقارنه باقي مناطق المغرب كانوا تاريخبا اناسا محافظين يرضوا لنساءهم وبتاتهم الاخلال بالحياء والمس بالاعيراف والشرف وحتي عهد قريب اواخر العقد الاخير القرن 21 كنت تتجول الحسييمه وجده والناضور وقلما تري انثيي متبرجه بلباس فاضح محتشم بسلوك يدل الوقار الذكور القوم كانوا يدوذون شرف الفتاه وشرف الاهل بالقصاص حدث ان اخل احدهم او ابنتهم بالشرف العاءلي الويل منهم كانوا يءمنون بقول الشاعر يسلم الشرف الرفيع الاذي يراق جوانبه الدم وااسفاه الايام هاقد سيقت الراقصات والمغنيات والمهرجين والمهرجات والماجنين والماجنات قلب الريف المقاوم الشرس يرفض ان يغر السرب يخاف لولمه لاءم الصدح بالحق الذوذ الشرف الاصاله الاعراف بشهامه وعزه سقطوا المصيده باسم تقريب الفن اليهم ومنحهم نصيبهم موازين الفسق والعهر تطبع معها سكان العاصمه شبابها يقولون مزيد وفك العزله الثقافيه عنهم بنيه تدجينهم وتطويعهم قطره قطره استحمارهم رويدا رويدا تضبيعهم شيءا فشيءا وهذه بدايه نهايه الشهامه الريفيه التقليديه عزه النفس المعهوده فيهم فكره بسيطه وجهنميه ان يتم استقدام العاهرات الفاسقات بقاع المغرب ستدراج المراه الريفيه المحافظه العري والخزي والسخافه لتنتبه مظلومه محروميه الحق التعري والاختلاط القذر والرقص واظهار المقدمات والمءخرات اتتكندم موجه الحريات الفرديه ووداعا لدكتاتوريه الاعراف المحافظه والاخلاق الحميده راقبها مارسها عليها الاب والزوج والجد والعم والخال والمعلم ستمسي مستقبلا العدو اللدود للرجل الريفي الغير الطيع ايادي السلطه الحاكمه ويمسي الذكر بلمسه انثويه تلطف ترطب مزاجه الشرس تكتيك شيطاني هدفه المدي البعيد استحدااث التفجير الداخل,1.0,Racism,
صهيوني اكتر الصهاينه خروف مرتك,1.0,Racism,
سياسهعسكر مصر الشعب جووع كلبك يتبعك,1.0,Racism,
ام نص لسان ويبتقرط حرف الراء,1.0,not racism,
صراحه الواحد طفش قصه الطاءفيه بدي اقولها لكل طاءفي ولكل عنصري وعلي شحم الله يلعن واللع ياخذ عنصري او طاءفي لانهم خربو سمعه المسلمين سمعه المسلمين صارت زي الزباله,1.0,Racism,
اللهم انصر الاسلام والمسلمين اعداءك اعداء الدين المنلفقين عبده الفبور فقد عثو الارض الفساد حزب اللات وعليك بكبيرهم حسن نصر ايران اللهم سلط عليهم جل غضبك وزلزل الارض تحتهم,1.0,not racism,
طيب عني مثال حي لشركه سعوديه كاذبه ومحتاله ودجاله شركه الانفصالات السعوديه العروض الوهميه حقتها وبعد تحولت الناس الي اتصال 4G المتنقل وكانت السرعات جميله فجاه رجعنا للعصر الحجري بسرعه تزيد نص ميقا يعني 50 كيلو بايت 500 كيلوبايت طيب وش ذنبنا ليه ماقالت انه يوجد استخدام عادل ليه انكرت الشيء هاذا طيب اللي اشترك سنه 1600 او 1300 هاذا يقدر يرجع فلوسه الكذبه هاذه نص ميقا سوينا مقاطعه علء تويتر وسو حركه وصخه قامو نشرو الهاشتاق ان المشكله زين واللي ينشرها كانو حسابات وهميه فا اتمني منكم ياشباب تقاطعون الشركه الفاشله STC,1.0,not racism,
لءلءه البحر المتوسط لمزبله البحر المتوسط بحكم عملاء فرنسا وكل بناه الا الاستعمار ولكل مدن الجزاءر,1.0,not racism,
الدوله الاسلاميه نصرها الله نصر الي نصر عالم الواقع والمطبلين والمهللين لامريكا فرحون باوهامهم هههه,1.0,not racism,
الكلاب اللبنانيين يداهمون مخيمات عرسال للاجءين السوريين كلاب وستبقون كلاب,1.0,Racism,
كلاب اولهم,1.0,not racism,
صارت ام نص لسان تتنمر تاج راسها شو محلها الاعراب هالتافهه لتتناول رءيس جمهوريه,1.0,Racism,
بوكوحرام باقيه وتمدد رغم انف العملاء والحثالات الصهيوصليبيه الكاءن الاسود عميل للصهيونيه العالميه,1.0,Racism,
انتم العملاء الخونه ولستم المقاومه,1.0,Racism,
اخرس انت تكذب وكلامك نبره الحقد والسم تنضح كلامك والله انت وجماعتك مفتاح اليهود تركيا والعراق وسوريا وكل بلد اسلامي,1.0,Racism,
ايتها النصرانيه البشعه القبيحه فاقده الانوثه والجمال والاخلاق انتي مصابه بداء جنون العظمه تظنين يفهم الاعلام انتي وتظنين يوجد قناه خنزيرتك وبامكان خنزيرتك هز الدول واستقرارها شو قالولك بلدك لبنان مغتصب ايران عبر حزب الله بشعه,1.0,Racism,
ال سعود مخربين لعالم لعربي كله,1.0,Racism,
شعوب مرتزقه يحل المال تركضون وراءه حساب شرفكم,1.0,Racism,
روسيه ودشاديشها يعني روسيه جيش ايران اوامرها دشاديشها وطبابيلها الشبيحه ومرتزقه البراميل يصفقون الدب الروسي فهمت اشرح مره ثانيه,1.0,Racism,
انت اخرتك دربكات,1.0,not racism,
السيد زيدان خولف لماذا تعود بلدك مادامت فرنسا بهذا السوء انك تاكل النعمه تسب المله انشر الراي والراي الاخر,1.0,Racism,
تلحس طيزي انت ملكك اللوطي انت خلص الحوثي بعدين تعال حكي,1.0,Racism,
صرمايتو اشرف راسك خليكي نقبري لعبي قدك تفكري انو حجمك بحجم طولك ديك النمل,1.0,not racism,
زلمه كميه القرف باخبار جبهه الخرا وفتح الشوءسمو بيقرفوا حسو حالهم اديش حمير ومتخلفين القرون الوسطي وانو خربو عحالهم وعغيرهم,1.0,Racism,
اذكرك العرب اغلبيه الساميين فليعبوا غيرها,1.0,Racism,
الحوثي قتل خبر نقله موقع سعودي موقع العالم المخترق انقلاب صالح الحوثيين خبر ابتكرته الشرق الاوسط السعوديه,1.0,not racism,
شرشوحه ومقرفه وقليل تنمر بلا شرف ولك كتير دعسه بالحمام مش اعلاميه تفي هيك خلفه عاطله,1.0,Racism,
ليه بتحكي الزعرنات اللي صارت مبارح منحازه ومنك موضوعيه واعلاميه فاشله,1.0,not racism,
هيدا الخسيس اكبر عميل صهيوني زمن الحرب اللبنانيه كتاءب وبعدين قواتجي,1.0,Racism,
البعض يلومون السعوديه والخليج بعدم ايواء الاجءين السوريين بصراحه انهم يكلفون خزينه المملكه الكثير المال تسالو انفسكم اين سيقضي الملك والحاشيه العطله الصيفيه صج الا اختشو ماتو‏ ‏,1.0,Racism,
وقتل اكثر 74 سعوديا الحدود اليوم برصاص القبايل و9 ماتوا باختناق شده الحر وكثافه الغبار,1.0,not racism,
حول قوه الا بالله طيحتو بنسا دمغرب تفو,1.0,not racism,
الربيع العربيهوالتحرر منك روسياومن امريكاوايران اسراءيل والعملاءالحكام العرب وعدو واحدلشعوبناالعربيه وسيصل لروسيا وطهران امين,1.0,not racism,
السيسي الامام الغالب المتغلب تجب طاعته محاربه الخارجين الجماعه وذلك لقول رسول لله صلي لله وسلم تسمع وتطيع للامير ضرب ظهرك واخذ مالك فاسمع واطع,1.0,not racism,
يقلودون الاعداء التفاهات ويعتقدون انهم يحسنون صنعا تغيير المفاهيم اكبر فثنه ابتليت الامه وهي تغيير المفاهيم الشر خير الدعاره حريه شخصيه حسبنا الله ونعم الوكيل,1.0,not racism,
اظن الشخصيه القذافيه عدوي انتقلت الي الجميع الصهاينه,1.0,Racism,
ديما الوطيه تفو,1.0,not racism,
ايران الشيعه خبثها ال سعود وهابيتها المنافقه سيكونون سببا هلاك شعب الخليج الامراء الملوك عاءلاتهم فينهم تل ابيب بضعه كلومترات,1.0,Racism,
لانكم استاذ انت تمثل فكر همجي ودموي تفهموا الا لغه الحروب والدماء والخراب انتم وثقافتك,1.0,Racism,
اغلب الامراء يعرفون يقولون يعرفون شيء دينهم زنادقه وطراطير تربوا ملاهي ومراقص اوروبا,1.0,Racism,
اللهم زلزل الارض اقدامهم,1.0,not racism,
جيش مصر خير رقاصات الارض,1.0,Racism,
الاعرابي التكفيري يظن انه يختار الديانه لغيره الكورد يءمنون بحريه الاديان اما انتم الاعراب فقد شوهتهم الاسلام,1.0,Racism,
بياخد الاوامر معلمه حسن نصر الشيطان,1.0,not racism,837.0
خبرونا كلاب تبع قافله ام بيعووا بالعربي او الفرنسي,1.0,Racism,
هبيله عم يحكي هلق كانو رءيس جمهوريه,1.0,not racism,
الجيش العراقي كله ساقط,1.0,Racism,
العما بقلبك قديش بتحب بلبهدله وءام وهاب انت حقير وكلب وشرشوح وانت قمه الزباله حقير حقير حقير,1.0,not racism,
ام نص لسان بتشوف كمان,1.0,not racism,
ام نص لسان عم تحكي,1.0,not racism,
انت جحش اسمك صهيوني انقبر ضهار صفحتي وروح تخيب برا واطي كلب جبان,1.0,not racism,
اما انت كا زعيم قريه زغرتا يسير بدك تتمسك تمسك رصن الجحش جحش,1.0,not racism,
سنرقص فرحا عندما تقصف اسراءيل ايران بالغازات السامه والكيماوي ولكلور وسنوزع الحلوي بالشوارع عندما تطلق اسراءيل قنابلها النوويه قم وطهران,1.0,Racism,
شوف تیفی راہ واشفناھم فالاول ھاد الضحيه دیالكم عاھره شوفي بقا تقولي بحال ای مرا وراجلھا نخرج لیك تیلفون عرفتي نتي عاھره ھاد تصاور كيتسماو اغراء لواحد مزوج قاتلك مرتو باش كين شی بنت دارھم كتصور ھكا وسيري راہ مرتو عندھا الصح بینا بلا نتي عاھره كيدخل كیلقا مرتو لابسه بيجامه وبینوار ونتی داربا دوبیاس ھدا راہ اغراء شتی ھدا فساد وثبتیہ علي راسك واش معندكمش رجال فداركم,1.0,not racism,
لماذا تخجل او تستعمل التقيه جنسيتك انتماءك لايران انت ايراني لان لغتك العربيه ركيكه تعليقك,1.0,Racism,
تركيا العاهره الشعب القذر والقوميه القذره ويلي عملتو انتو الاخونجيه كعبه للمسلمين اللهم دمر تركيا ارضا وشعبا,1.0,Racism,
سلاله الخنازير ارتسمت وجوه ال سعود,1.0,Racism,
يستحق وكل داس ارض السوريين,1.0,not racism,
كسم السيسي علي كسم ال دعم السيسي يوم حتي دنا كنت اعدادي بشخه واقول للعيال الدروس العسكري هينيكك وينهبك زي مب بقاله 60 سنه بيعمل وال بيبداها دم مستحيل تشوف خير كانوا يتنمروا عليا ويقولوا عليا اخوان ولاد الاحبه نصهم اهاليهم بتشحت دلوقت,1.0,Racism,
العملاء الخونه انتم جزاءري الا تشعرون,1.0,Racism,
انت مصيرك تكون بالحبس بطلت تستحي موت بغيظك انتو شي اسمه دوله خربتوا لعنه الله,1.0,not racism,
سكربينه عنصريه حقها فرنك فوتي حسابها شوفي خدي حب حموضه مراجعه تدخلي,1.0,Racism,
لازم يعرضوك انت طبيب بيطري مختص بالامراض النفسيه,1.0,not racism,
برتعد السيسي اثيوبيا,1.0,not racism,
لعنه الله وءام وهاب الله يذللك لانك انسان مفتري كذاب طالع بادك شي الا تعوي,1.0,not racism,
الكاتب يبدو ان لديه عقده اسمها ايران لقد صدع رءوسنا والتي يريد ان يبرر فشل السياسات العربيه بنظريه المءامره الايرانيه يخترعها عقله الطاءفي,1.0,not racism,
اش هاد الخرا اش هاد القيح,1.0,not racism,13511.0
عاش البغدادي مرعب الاعادي وعاش المجاهدون الابطال ستحكموووون الارض بعز عزيز او بذل ذليل,1.0,not racism,
هيدا مستواكي ام نص لسان,1.0,not racism,
المقاومه الشعبيه قال الخونه العملاء يدعون مقاومه,1.0,not racism,
جراءم ومجاز عملاء ايران الدول العربيه حقد طاءفي وصفوي دفين ضد عربي مسلم,1.0,not racism,
بالوراثه اليهوذ,1.0,Racism,
فش رت حشره حريتنا ورح ناخدها تضرب انت وبشار والملك تبعكم تفو عليكم انت يهودي فشرت تكون عربي الله ياخدكم اشه لفه,1.0,Racism,
يلا خنزير الله يرحم صدام حسين داعسكن,1.0,Racism,
عفوا ايمتا بعتيلي لينك غنايه انت انت خراس,1.0,not racism,
فينيقيين ولسنا العرب اعوذ بالله اصول العرب ههه العرب جرب,1.0,Racism,
عم تنتقدي رءيس الجمهوريه ام نصف لسان جمل اطلع بحردبتوا وقعوا وفاك وقبتوا,1.0,not racism,
اين اخبارمظاهرات مدينه مصراته ضدالاخوان اين خبررفع صحفي الجزيره شكوي امام القضاء الكندي ومطالبته تعويض ١٠٠مليون اين الراي والراي الاخر,1.0,not racism,
تعتقد بان اهل السنه يحتكرون المعاناه العالم فانت مختل عقليا واناني بامتياز,1.0,Racism,
اجواء اوروبيه بواقع صومالي زنجي حقير,1.0,Racism,
مناسبه اغتيال الصحفي السعودي خاشقجي رحمه الله لايسعني الا ان اقول يلعن روحك حافظ روح ابنك بشار روح الي خلفك,1.0,not racism,
ربنا يعجل بخلاص السيسي ويريحنا رب,1.0,not racism,
دوله عربيه تعلن بناء اكبر معبد هندوسي راحه الهنود بينما عرب ومسلمين ترضي تستقبل منهم لاجيء فعلا اسلام اخر الزمان,1.0,Racism,
جورج روق قاصي مرتشي كلب مثلك رح نشوف قديش جورج بدو يبقي قاصي فاسد شركسي مش مطول عيلتك الله,1.0,not racism,
زين ملفك تختلف عنه بالصفه فقط فهو اامير وانت مرتزق وكلاكما كشهاب الدين واخيه,1.0,Racism,
واش منيتكم اشوف الزمر تشطح السيده منصور معاها اشنو الهدف هادشي,1.0,not racism,13007.0
اين انتم حكام العرب اليهوذ والشعوب العربيهالخانعه حكم اليهوذ,1.0,Racism,
حسن نصرالله تاج راسك بلا اخلاق وحده واطيه وحقيره مثلك بدها تسكر تمها وتحط ايدها راسها تذك,1.0,not racism,
ليكي عميله جوعانه مين دافعلك لتحاربي السيد السعوديه اسراءيل او امريكا,1.0,not racism,
المعيب ان يستخف الحكام بعقليه المواطن العربي السني وتغيير الحقاءق والهروب المواجهه وهذا يدل ان الامه ضعف جانب حكامها وعدم استطاعتهم تشخيص الحاله يمر المسلمون الاسف,1.0,not racism,
كانا المسكنين يتعلمون يقتلون النساء الاطفال حت يبغثهما الموت يقتلا امرءه طفلا حال شهداء سيدخلهم علماء ال سعود الي الجنه,1.0,not racism,
واين مسلمين البترول او يمدوه لاسيادهم اليهوذ,1.0,Racism,
دفع فاتوره التمرين العلم ان ايران تمر بازمه ماليه خانقه شغلوا الواتس اب قناه الخنزيره وجيبو الخبر,1.0,not racism,
اوربا تقاطع اسراءيل العرب يلغون المقاطعه يفتحون اسواقهم للبضاءع الاسراءيليه عواصمهم للمسءولين الاسراءيليين صدق الله العظيم حينما قال يستبدل قوما غيركم يكونوا امثالكم,1.0,not racism,
